GCF name	GCF_020616775	GCF_018517125	B537	GCF_013344625	GCF_011193375	GCF_000550745	GCF_906464895	GCF_017280035	GCF_000007785	GCF_017639585	GCF_006494835	GCF_004332015	GCF_001689055	GCF_006766145	GCF_003345275	GCF_906464915	GCF_003030425	GCF_001989555	GCF_003966385	GCF_006494875	GCF_002163735	GCF_005158025	GCF_010103655	GCF_009498175	GCF_009662495	GCF_013344645	GCF_019222705	GCF_001598635	GCF_004332035	GCF_002355755	GCF_003812665	GCF_005979285	GCF_000317915	GCF_002208945	GCF_020616875	GCF_015377745	GCF_000172575	GCF_906464925	GCF_019774535	GCF_906464875	GCF_016743895	GCF_902379005	GCF_901553725	GCF_006364815	GCF_002289045	GCF_000281195	GCF_000391485	GCF_000742975	GCF_019856595	GCF_013344605	GCF_012594215	GCF_014844235	GCF_020616935	GCF_017280235	GCF_006349345	GCF_005484525	GCF_016812095	GCF_003966405	GCF_002814115	GCF_900636775	GCF_906464865	GCF_906464835	GCF_005979305	GCF_013344665	GCF_006494855	GCF_014489455	GCF_018986755	GCF_019195415	GCF_017357805
GCF_020616775	0	1785	1729	1755	1778	1768	1789	1768	1753	1810	1751	1743	1762	1777	1787	1748	1796	1781	1722	1749	1746	786	1755	1775	1800	1753	1722	1805	1788	1808	1778	1776	1782	1745	720	1780	1769	1790	1777	1754	1777	1782	1744	1730	1762	1740	1747	1746	1780	1728	1755	1829	1726	1768	1756	1811	1768	1722	1828	1713	1788	41	1775	1760	1749	1806	1782	1748	1761
GCF_018517125	1785	0	1720	1138	1776	1461	1537	1752	1798	1819	1798	1686	1724	1786	1769	1311	1521	1768	1766	1797	1788	1762	1745	1776	1822	1136	1751	1271	1788	1802	1765	1795	1390	1309	1762	1764	1725	1513	1529	1746	1529	1390	1285	1720	1700	1696	1793	1118	1773	1721	1746	1821	1725	1753	1745	1815	1753	1766	1824	1428	1797	1786	1685	1787	1797	1839	1783	1748	1748
B537	1729	1720	0	1573	1739	1485	1734	1689	1748	1787	1748	1681	1712	1713	1755	1665	1751	1750	1669	1747	1765	1703	1658	1688	1796	1573	1701	1789	1717	1787	1751	1621	1540	1663	1698	1755	1582	1707	1767	1654	1767	1540	1661	1	1711	980	1747	1572	1740	674	1659	1807	1505	1687	1656	1798	1687	1669	1820	1339	1654	1729	1324	1756	1747	1823	1764	1655	1741
GCF_013344625	1755	1138	1573	0	1766	1306	1628	1741	1764	1811	1762	1699	1708	1766	1746	1521	1474	1744	1737	1762	1779	1726	1727	1745	1816	4	1735	1585	1788	1803	1741	1762	1510	1524	1725	1742	1661	1609	1479	1727	1479	1510	1509	1573	1690	1679	1761	317	1763	1695	1728	1816	1707	1740	1726	1819	1740	1737	1815	1452	1785	1756	1574	1777	1762	1833	1764	1728	1749
GCF_011193375	1778	1776	1739	1766	0	1763	1783	1771	1677	1812	1674	1774	1763	1749	1784	1787	1783	1780	1749	1673	1683	1750	1766	1757	1807	1764	1750	1764	1775	1809	1779	1809	1767	1785	1749	1762	1729	1774	1771	1766	1771	1767	1783	1739	1762	1752	1674	1764	112	1747	1765	1833	1762	1771	1765	1822	1771	1749	1785	1751	1820	1778	1759	1690	1673	1783	1754	1760	1752
GCF_000550745	1768	1461	1485	1306	1763	0	1542	1723	1768	1801	1768	1736	1707	1752	1750	1499	1387	1746	1754	1767	1773	1725	1700	1719	1813	1306	1717	1690	1764	1799	1746	1741	1622	1513	1715	1748	1567	1581	1477	1699	1477	1622	1491	1485	1686	1641	1767	1292	1765	1604	1702	1820	1577	1722	1701	1825	1722	1754	1817	1124	1778	1768	1535	1774	1767	1830	1756	1700	1753
GCF_906464895	1789	1537	1734	1628	1783	1542	0	1173	1797	1806	1797	1768	1736	1781	1791	1556	1684	1784	1771	1796	1802	1791	1312	1615	1826	1627	1747	1772	1788	1812	1780	1790	1804	1556	1784	1793	1750	1211	1691	1314	1691	1804	1553	1734	1724	1707	1796	1633	1780	1720	1319	1824	1700	1173	1317	1822	1173	1771	1831	1622	1393	1788	1791	1798	1796	1834	1798	1203	1761
GCF_017280035	1768	1752	1689	1741	1771	1723	1173	0	1775	1809	1774	1625	1754	1769	1774	1736	1793	1768	1715	1773	1778	1744	311	1240	1812	1740	1736	1777	1786	1802	1764	1770	1760	1734	1746	1779	1720	1588	1793	309	1793	1760	1733	1689	1752	1707	1776	1741	1769	1681	313	1827	1717	11	316	1811	11	1715	1811	1687	1622	1768	1747	1771	1773	1830	1769	464	1737
GCF_000007785	1753	1798	1748	1764	1677	1768	1797	1775	0	1808	23	1757	1761	1639	1758	1797	1797	1754	1754	22	934	1732	1757	1766	1675	1764	1747	1788	1707	1810	1752	1746	1779	1798	1730	1766	1747	1775	1789	1756	1789	1779	1795	1748	1758	1757	104	1767	1671	1751	1759	1834	1762	1772	1757	1814	1772	1754	1802	1759	1763	1751	1769	960	22	1130	1422	1755	1760
GCF_017639585	1810	1819	1787	1811	1812	1801	1806	1809	1808	0	1807	1804	1801	1801	1813	1807	1798	1809	1802	1807	1797	1804	1807	1815	1798	1809	1672	1816	1766	1822	1808	1766	1811	1806	1793	1733	1809	1804	1819	1806	1820	1811	1805	1787	1802	1785	1808	1806	1810	1785	1808	1833	1792	1808	1804	1808	1808	1802	1825	1796	1777	1811	1797	1793	1807	1847	1810	1796	1791
GCF_006494835	1751	1798	1748	1762	1674	1768	1797	1774	23	1807	0	1756	1760	1635	1755	1796	1794	1751	1754	7	928	1731	1756	1766	1673	1762	1749	1785	1707	1808	1749	1747	1778	1797	1729	1765	1747	1774	1787	1755	1787	1778	1794	1748	1757	1758	93	1765	1668	1752	1758	1833	1764	1771	1756	1813	1771	1754	1802	1759	1763	1749	1769	955	7	1122	1417	1754	1759
GCF_004332015	1743	1686	1681	1699	1774	1736	1768	1625	1757	1804	1756	0	1738	1763	1774	1669	1785	1771	1721	1755	1763	1730	1599	1708	1814	1696	1718	1793	1783	1802	1770	1767	1772	1669	1731	1750	1729	1762	1785	1591	1785	1772	1661	1681	1738	1679	1754	1690	1772	1655	1597	1829	1708	1623	1595	1814	1623	1721	1829	1603	1787	1743	1771	1766	1755	1829	1775	1611	1715
GCF_001689055	1762	1724	1712	1708	1763	1707	1736	1754	1761	1801	1760	1738	0	1746	1761	1715	1763	1760	1748	1760	1758	1680	1738	1755	1817	1708	1705	1779	1794	1786	1760	1766	1772	1717	1735	1733	1735	1730	1747	1736	1747	1772	1713	1712	439	1488	1761	1705	1760	1714	1737	1820	1725	1754	1736	1804	1754	1748	1807	1698	1792	1760	1738	1761	1760	1824	1775	1735	1748
GCF_006766145	1777	1786	1713	1766	1749	1752	1781	1769	1639	1801	1635	1763	1746	0	1762	1780	1783	1757	1755	1635	1662	1765	1756	1785	1810	1766	1765	1802	1771	1802	1751	1772	1787	1779	1762	1761	1744	1780	1776	1754	1776	1787	1776	1713	1744	1741	1640	1766	1748	1723	1755	1831	1764	1767	1757	1809	1767	1755	1818	1743	1785	1777	1764	1662	1635	1781	1683	1756	1770
GCF_003345275	1787	1769	1755	1746	1784	1750	1791	1774	1758	1813	1755	1774	1761	1762	0	1785	1777	122	1775	1755	1802	1770	1766	1788	1821	1745	1739	1777	1820	1809	205	1812	1766	1788	1777	1774	1762	1790	1777	1765	1777	1766	1783	1755	1764	1770	1752	1743	1785	1764	1766	1838	1758	1773	1767	1834	1773	1775	1823	1754	1826	1788	1750	1795	1755	1823	566	1772	1741
GCF_906464915	1748	1311	1665	1521	1787	1499	1556	1736	1797	1807	1796	1669	1715	1780	1785	0	1640	1779	1766	1796	1794	1746	1732	1762	1834	1518	1754	1741	1785	1803	1778	1770	1695	184	1735	1778	1660	1595	1765	1732	1765	1695	100	1665	1704	1673	1793	1501	1785	1670	1734	1810	1603	1737	1731	1809	1737	1766	1791	1125	1782	1748	1773	1792	1796	1830	1804	1732	1772
GCF_003030425	1796	1521	1751	1474	1783	1387	1684	1793	1797	1798	1794	1785	1763	1783	1777	1640	0	1774	1776	1794	1796	1785	1782	1800	1811	1474	1759	1711	1768	1407	1773	1783	1728	1646	1783	1788	1767	1698	1052	1780	1051	1728	1635	1751	1744	1759	1794	1463	1781	1748	1783	1817	1742	1793	1781	1814	1793	1776	1808	1644	1815	1795	1708	1796	1794	1840	1776	1777	1785
GCF_001989555	1781	1768	1750	1744	1780	1746	1784	1768	1754	1809	1751	1771	1760	1757	122	1779	1774	0	1772	1751	1800	1766	1760	1783	1817	1743	1740	1775	1817	1805	145	1810	1762	1781	1771	1772	1758	1787	1774	1759	1774	1762	1777	1750	1761	1767	1748	1741	1781	1760	1761	1833	1755	1767	1761	1831	1767	1772	1818	1749	1821	1782	1744	1793	1751	1819	527	1767	1736
GCF_003966385	1722	1766	1669	1737	1749	1754	1771	1715	1754	1802	1754	1721	1748	1755	1775	1766	1776	1772	0	1753	1758	1671	1701	1737	1812	1737	1727	1775	1781	1798	1772	1771	1760	1762	1670	1754	1737	1771	1778	1701	1778	1760	1758	1669	1749	1692	1754	1741	1746	1661	1700	1827	1721	1715	1699	1806	1715	3	1808	1742	1794	1721	1743	1757	1753	1830	1777	1687	1753
GCF_006494875	1749	1797	1747	1762	1673	1767	1796	1773	22	1807	7	1755	1760	1635	1755	1796	1794	1751	1753	0	929	1729	1755	1764	1672	1762	1747	1785	1706	1808	1749	1744	1777	1797	1727	1764	1746	1774	1787	1754	1787	1777	1794	1747	1757	1756	92	1765	1667	1750	1757	1833	1762	1770	1755	1812	1770	1753	1802	1758	1761	1747	1768	955	0	1123	1418	1753	1758
GCF_002163735	1746	1788	1765	1779	1683	1773	1802	1778	934	1797	928	1763	1758	1662	1802	1794	1796	1800	1758	929	0	1733	1770	1770	1767	1779	1742	1782	1683	1806	1797	1718	1776	1794	1729	1764	1761	1771	1794	1769	1794	1776	1793	1765	1761	1761	916	1779	1676	1759	1773	1833	1760	1775	1771	1810	1775	1758	1797	1768	1739	1744	1785	464	929	1445	1572	1767	1753
GCF_005158025	786	1762	1703	1726	1750	1725	1791	1744	1732	1804	1731	1730	1680	1765	1770	1746	1785	1766	1671	1729	1733	0	1724	1757	1810	1724	1669	1801	1781	1802	1764	1762	1773	1743	339	1740	1741	1764	1781	1721	1781	1773	1742	1703	1673	1646	1727	1716	1748	1700	1724	1825	1712	1744	1725	1810	1744	1671	1820	1668	1788	788	1749	1741	1729	1802	1765	1719	1735
GCF_010103655	1755	1745	1658	1727	1766	1700	1312	311	1757	1807	1756	1599	1738	1756	1766	1732	1782	1760	1701	1755	1770	1724	0	1209	1809	1726	1716	1772	1777	1798	1758	1768	1753	1729	1728	1764	1697	1747	1781	68	1781	1753	1729	1658	1735	1689	1758	1729	1764	1658	80	1824	1700	309	76	1808	309	1701	1805	1666	1794	1755	1725	1766	1755	1827	1764	231	1723
GCF_009498175	1775	1776	1688	1745	1757	1719	1615	1240	1766	1815	1766	1708	1755	1785	1788	1762	1800	1783	1737	1764	1770	1757	1209	0	1814	1744	1700	1774	1777	1821	1782	1768	1769	1759	1706	1772	1713	1775	1771	1215	1771	1769	1760	1688	1752	1680	1764	1741	1757	1663	1205	1825	1699	1241	1217	1816	1241	1737	1811	1690	1797	1775	1733	1765	1764	1818	1783	1218	1738
GCF_009662495	1800	1822	1796	1816	1807	1813	1826	1812	1675	1798	1673	1814	1817	1810	1821	1834	1811	1817	1812	1672	1767	1810	1809	1814	0	1816	1803	1828	1769	1830	1815	1785	1827	1833	1814	1820	1812	1818	1822	1808	1822	1827	1832	1796	1809	1798	1672	1820	1808	1790	1809	1843	1817	1811	1809	1833	1811	1812	1838	1805	1791	1800	1809	1754	1672	1721	1806	1808	1822
GCF_013344645	1753	1136	1573	4	1764	1306	1627	1740	1764	1809	1762	1696	1708	1766	1745	1518	1474	1743	1737	1762	1779	1724	1726	1744	1816	0	1734	1584	1788	1803	1740	1762	1509	1521	1724	1742	1658	1608	1478	1726	1478	1509	1506	1573	1691	1679	1761	314	1761	1695	1727	1814	1707	1739	1725	1818	1739	1737	1813	1449	1785	1754	1573	1777	1762	1830	1764	1727	1748
GCF_019222705	1722	1751	1701	1735	1750	1717	1747	1736	1747	1672	1749	1718	1705	1765	1739	1754	1759	1740	1727	1747	1742	1669	1716	1700	1803	1734	0	1771	1771	1806	1742	1773	1756	1759	1649	1466	1713	1726	1767	1705	1767	1756	1759	1700	1728	1697	1745	1718	1733	1683	1717	1822	1653	1732	1712	1777	1732	1727	1810	1709	1759	1731	1737	1748	1747	1805	1706	1706	1679
GCF_001598635	1805	1271	1789	1585	1764	1690	1772	1777	1788	1816	1785	1793	1779	1802	1777	1741	1711	1775	1775	1785	1782	1801	1772	1774	1828	1584	1771	0	1804	1817	1771	1821	766	1739	1796	1764	1791	1771	1699	1771	1699	766	1729	1789	1775	1776	1786	1584	1766	1788	1771	1843	1787	1777	1770	1825	1777	1775	1830	1787	1819	1805	1537	1781	1785	1843	1779	1767	1753
GCF_004332035	1788	1788	1717	1788	1775	1764	1788	1786	1707	1766	1707	1783	1794	1771	1820	1785	1768	1817	1781	1706	1683	1781	1777	1777	1769	1788	1771	1804	0	1806	1814	1538	1794	1786	1775	1782	1775	1786	1799	1777	1799	1794	1784	1717	1792	1719	1707	1788	1773	1695	1777	1817	1753	1785	1777	1811	1785	1781	1807	1722	1628	1788	1781	1670	1706	1764	1788	1768	1797
GCF_002355755	1808	1802	1787	1803	1809	1799	1812	1802	1810	1822	1808	1802	1786	1802	1809	1803	1407	1805	1798	1808	1806	1802	1798	1821	1830	1803	1806	1817	1806	0	1803	1817	1806	1802	1800	1815	1805	1798	1808	1796	1808	1806	1800	1787	1783	1778	1810	1809	1808	1778	1797	1784	1799	1802	1795	1787	1802	1798	1792	1792	1820	1807	1807	1804	1808	1848	1808	1796	1815
GCF_003812665	1778	1765	1751	1741	1779	1746	1780	1764	1752	1808	1749	1770	1760	1751	205	1778	1773	145	1772	1749	1797	1764	1758	1782	1815	1740	1742	1771	1814	1803	0	1807	1760	1781	1768	1768	1756	1783	1771	1757	1771	1760	1776	1751	1762	1770	1745	1737	1779	1762	1759	1832	1754	1763	1759	1830	1763	1772	1821	1749	1819	1779	1742	1790	1749	1819	527	1765	1739
GCF_005979285	1776	1795	1621	1762	1809	1741	1790	1770	1746	1766	1747	1767	1766	1772	1812	1770	1783	1810	1771	1744	1718	1762	1768	1768	1785	1762	1773	1821	1538	1817	1807	0	1799	1768	1760	1797	1772	1770	1795	1768	1795	1799	1769	1622	1768	1592	1744	1767	1810	1544	1769	1822	1720	1768	1768	1819	1768	1771	1822	1714	771	1777	1771	1712	1744	1812	1788	1760	1789
GCF_000317915	1782	1390	1540	1510	1767	1622	1804	1760	1779	1811	1778	1772	1772	1787	1766	1695	1728	1762	1760	1777	1776	1773	1753	1769	1827	1509	1756	766	1794	1806	1760	1799	0	1694	1771	1761	1719	1770	1725	1754	1725	0	1690	1540	1768	1723	1777	1494	1769	1724	1753	1828	1752	1760	1752	1819	1760	1760	1832	1638	1813	1782	1213	1778	1777	1845	1773	1749	1757
GCF_002208945	1745	1309	1663	1524	1785	1513	1556	1734	1798	1806	1797	1669	1717	1779	1788	184	1646	1781	1762	1797	1794	1743	1729	1759	1833	1521	1759	1739	1786	1802	1781	1768	1694	0	1732	1787	1666	1596	1767	1729	1767	1694	146	1663	1706	1673	1794	1510	1783	1671	1732	1809	1609	1735	1728	1810	1735	1762	1793	1131	1780	1745	1770	1793	1797	1831	1805	1729	1771
GCF_020616875	720	1762	1698	1725	1749	1715	1784	1746	1730	1793	1729	1731	1735	1762	1777	1735	1783	1771	1670	1727	1729	339	1728	1706	1814	1724	1649	1796	1775	1800	1768	1760	1771	1732	0	1734	1738	1760	1780	1725	1780	1771	1731	1699	1737	1703	1722	1716	1747	1696	1728	1822	1708	1746	1729	1804	1746	1670	1822	1659	1785	716	1758	1739	1727	1802	1764	1716	1737
GCF_015377745	1780	1764	1755	1742	1762	1748	1793	1779	1766	1733	1765	1750	1733	1761	1774	1778	1788	1772	1754	1764	1764	1740	1764	1772	1820	1742	1466	1764	1782	1815	1768	1797	1761	1787	1734	0	1758	1778	1782	1758	1783	1761	1782	1754	1744	1746	1765	1731	1746	1749	1764	1827	1713	1777	1759	1813	1777	1755	1817	1755	1807	1786	1750	1761	1764	1819	1732	1754	1684
GCF_000172575	1769	1725	1582	1661	1729	1567	1750	1720	1747	1809	1747	1729	1735	1744	1762	1660	1767	1758	1737	1746	1761	1741	1697	1713	1812	1658	1713	1791	1775	1805	1756	1772	1719	1666	1738	1758	0	1744	1788	1695	1788	1719	1656	1582	1735	1660	1750	1651	1729	1627	1697	1797	1647	1719	1698	1808	1719	1737	1812	1479	1796	1769	1688	1761	1746	1817	1765	1686	1753
GCF_906464925	1790	1513	1707	1609	1774	1581	1211	1588	1775	1804	1774	1762	1730	1780	1790	1595	1698	1787	1771	1774	1771	1764	1747	1775	1818	1608	1726	1771	1786	1798	1783	1770	1770	1596	1760	1778	1744	0	1695	1745	1695	1770	1593	1707	1718	1694	1773	1607	1764	1701	1749	1812	1698	1586	1747	1817	1586	1771	1819	1632	1509	1789	1775	1767	1774	1822	1798	1757	1762
GCF_019774535	1777	1529	1767	1479	1771	1477	1691	1793	1789	1819	1787	1785	1747	1776	1777	1765	1052	1774	1778	1787	1794	1781	1781	1771	1822	1478	1767	1699	1799	1808	1771	1795	1725	1767	1780	1782	1788	1695	0	1780	1	1725	1764	1767	1726	1769	1788	1466	1769	1773	1780	1818	1775	1792	1781	1820	1792	1778	1817	1773	1811	1777	1578	1793	1787	1836	1775	1780	1761
GCF_906464875	1754	1746	1654	1727	1766	1699	1314	309	1756	1806	1755	1591	1736	1754	1765	1732	1780	1759	1701	1754	1769	1721	68	1215	1808	1726	1705	1771	1777	1796	1757	1768	1754	1729	1725	1758	1695	1745	1780	0	1780	1754	1728	1654	1733	1687	1757	1730	1764	1654	75	1824	1696	307	72	1807	307	1701	1805	1666	1794	1754	1724	1766	1754	1826	1761	229	1717
GCF_016743895	1777	1529	1767	1479	1771	1477	1691	1793	1789	1820	1787	1785	1747	1776	1777	1765	1051	1774	1778	1787	1794	1781	1781	1771	1822	1478	1767	1699	1799	1808	1771	1795	1725	1767	1780	1783	1788	1695	1	1780	0	1725	1764	1767	1726	1769	1788	1466	1769	1773	1780	1818	1775	1792	1781	1820	1792	1778	1817	1773	1811	1777	1578	1793	1787	1836	1775	1780	1761
GCF_902379005	1782	1390	1540	1510	1767	1622	1804	1760	1779	1811	1778	1772	1772	1787	1766	1695	1728	1762	1760	1777	1776	1773	1753	1769	1827	1509	1756	766	1794	1806	1760	1799	0	1694	1771	1761	1719	1770	1725	1754	1725	0	1690	1540	1768	1723	1777	1494	1769	1724	1753	1828	1752	1760	1752	1819	1760	1760	1832	1638	1813	1782	1213	1778	1777	1845	1773	1749	1757
GCF_901553725	1744	1285	1661	1509	1783	1491	1553	1733	1795	1805	1794	1661	1713	1776	1783	100	1635	1777	1758	1794	1793	1742	1729	1760	1832	1506	1759	1729	1784	1800	1776	1769	1690	146	1731	1782	1656	1593	1764	1728	1764	1690	0	1661	1700	1671	1791	1494	1781	1669	1731	1807	1598	1734	1728	1809	1734	1758	1792	1106	1779	1744	1771	1791	1794	1831	1801	1728	1770
GCF_006364815	1730	1720	1	1573	1739	1485	1734	1689	1748	1787	1748	1681	1712	1713	1755	1665	1751	1750	1669	1747	1765	1703	1658	1688	1796	1573	1700	1789	1717	1787	1751	1622	1540	1663	1699	1754	1582	1707	1767	1654	1767	1540	1661	0	1711	980	1747	1572	1740	675	1659	1807	1504	1687	1656	1798	1687	1669	1820	1339	1653	1730	1324	1756	1747	1823	1764	1655	1741
GCF_002289045	1762	1700	1711	1690	1762	1686	1724	1752	1758	1802	1757	1738	439	1744	1764	1704	1744	1761	1749	1757	1761	1673	1735	1752	1809	1691	1728	1775	1792	1783	1762	1768	1768	1706	1737	1744	1735	1718	1726	1733	1726	1768	1700	1711	0	1489	1758	1687	1758	1719	1736	1817	1731	1751	1733	1803	1751	1749	1807	1696	1791	1761	1739	1763	1757	1816	1776	1731	1746
GCF_000281195	1740	1696	980	1679	1752	1641	1707	1707	1757	1785	1758	1679	1488	1741	1770	1673	1759	1767	1692	1756	1761	1646	1689	1680	1798	1679	1697	1776	1719	1778	1770	1592	1723	1673	1703	1746	1660	1694	1769	1687	1769	1723	1671	980	1489	0	1757	1683	1748	598	1690	1810	1549	1705	1687	1781	1705	1692	1819	1507	1655	1741	1686	1752	1756	1823	1774	1685	1751
GCF_000391485	1747	1793	1747	1761	1674	1767	1796	1776	104	1808	93	1754	1761	1640	1752	1793	1794	1748	1754	92	916	1727	1758	1764	1672	1761	1745	1786	1707	1810	1745	1744	1777	1794	1722	1765	1750	1773	1788	1757	1788	1777	1791	1747	1758	1757	0	1765	1668	1750	1760	1833	1763	1773	1758	1815	1773	1754	1802	1757	1760	1745	1769	939	92	1130	1406	1756	1760
GCF_000742975	1746	1118	1572	317	1764	1292	1633	1741	1767	1806	1765	1690	1705	1766	1743	1501	1463	1741	1741	1765	1779	1716	1729	1741	1820	314	1718	1584	1788	1809	1737	1767	1494	1510	1716	1731	1651	1607	1466	1730	1466	1494	1494	1572	1687	1683	1765	0	1762	1695	1730	1815	1703	1740	1727	1822	1740	1741	1814	1436	1789	1747	1566	1777	1765	1827	1765	1731	1751
GCF_019856595	1780	1773	1740	1763	112	1765	1780	1769	1671	1810	1668	1772	1760	1748	1785	1785	1781	1781	1746	1667	1676	1748	1764	1757	1808	1761	1733	1766	1773	1808	1779	1810	1769	1783	1747	1746	1729	1764	1769	1764	1769	1769	1781	1740	1758	1748	1668	1762	0	1748	1763	1833	1758	1769	1763	1820	1769	1746	1786	1752	1818	1781	1761	1685	1667	1779	1754	1760	1749
GCF_013344605	1728	1721	674	1695	1747	1604	1720	1681	1751	1785	1752	1655	1714	1723	1764	1670	1748	1760	1661	1750	1759	1700	1658	1663	1790	1695	1683	1788	1695	1778	1762	1544	1724	1671	1696	1749	1627	1701	1773	1654	1773	1724	1669	675	1719	598	1750	1695	1748	0	1658	1808	1478	1680	1654	1788	1680	1661	1818	1437	1630	1730	1694	1742	1750	1819	1775	1654	1753
GCF_012594215	1755	1746	1659	1728	1765	1702	1319	313	1759	1808	1758	1597	1737	1755	1766	1734	1783	1761	1700	1757	1773	1724	80	1205	1809	1727	1717	1771	1777	1797	1759	1769	1753	1732	1728	1764	1697	1749	1780	75	1780	1753	1731	1659	1736	1690	1760	1730	1763	1658	0	1823	1702	311	82	1808	311	1700	1805	1668	1794	1753	1724	1768	1757	1827	1766	238	1721
GCF_014844235	1829	1821	1807	1816	1833	1820	1824	1827	1834	1833	1833	1829	1820	1831	1838	1810	1817	1833	1827	1833	1833	1825	1824	1825	1843	1814	1822	1843	1817	1784	1832	1822	1828	1809	1822	1827	1797	1812	1818	1824	1818	1828	1807	1807	1817	1810	1833	1815	1833	1808	1823	0	1811	1827	1823	1824	1827	1827	1725	1810	1825	1828	1822	1832	1833	1856	1836	1821	1833
GCF_020616935	1726	1725	1505	1707	1762	1577	1700	1717	1762	1792	1764	1708	1725	1764	1758	1603	1742	1755	1721	1762	1760	1712	1700	1699	1817	1707	1653	1787	1753	1799	1754	1720	1752	1609	1708	1713	1647	1698	1775	1696	1775	1752	1598	1504	1731	1549	1763	1703	1758	1478	1702	1811	0	1716	1696	1801	1716	1721	1745	1491	1751	1729	1715	1761	1762	1812	1763	1696	1726
GCF_017280235	1768	1753	1687	1740	1771	1722	1173	11	1772	1808	1771	1623	1754	1767	1773	1737	1793	1767	1715	1770	1775	1744	309	1241	1811	1739	1732	1777	1785	1802	1763	1768	1760	1735	1746	1777	1719	1586	1792	307	1792	1760	1734	1687	1751	1705	1773	1740	1769	1680	311	1827	1716	0	314	1811	0	1715	1811	1686	1618	1768	1746	1769	1770	1829	1768	463	1735
GCF_006349345	1756	1745	1656	1726	1765	1701	1317	316	1757	1804	1756	1595	1736	1757	1767	1731	1781	1761	1699	1755	1771	1725	76	1217	1809	1725	1712	1770	1777	1795	1759	1768	1752	1728	1729	1759	1698	1747	1781	72	1781	1752	1728	1656	1733	1687	1758	1727	1763	1654	82	1823	1696	314	0	1807	314	1699	1804	1668	1793	1756	1723	1767	1755	1827	1765	220	1720
GCF_005484525	1811	1815	1798	1819	1822	1825	1822	1811	1814	1808	1813	1814	1804	1809	1834	1809	1814	1831	1806	1812	1810	1810	1808	1816	1833	1818	1777	1825	1811	1787	1830	1819	1819	1810	1804	1813	1808	1817	1820	1807	1820	1819	1809	1798	1803	1781	1815	1822	1820	1788	1808	1824	1801	1811	1807	0	1811	1806	1816	1807	1810	1812	1820	1804	1812	1839	1829	1803	1800
GCF_016812095	1768	1753	1687	1740	1771	1722	1173	11	1772	1808	1771	1623	1754	1767	1773	1737	1793	1767	1715	1770	1775	1744	309	1241	1811	1739	1732	1777	1785	1802	1763	1768	1760	1735	1746	1777	1719	1586	1792	307	1792	1760	1734	1687	1751	1705	1773	1740	1769	1680	311	1827	1716	0	314	1811	0	1715	1811	1686	1618	1768	1746	1769	1770	1829	1768	463	1735
GCF_003966405	1722	1766	1669	1737	1749	1754	1771	1715	1754	1802	1754	1721	1748	1755	1775	1766	1776	1772	3	1753	1758	1671	1701	1737	1812	1737	1727	1775	1781	1798	1772	1771	1760	1762	1670	1755	1737	1771	1778	1701	1778	1760	1758	1669	1749	1692	1754	1741	1746	1661	1700	1827	1721	1715	1699	1806	1715	0	1808	1742	1794	1721	1743	1757	1753	1830	1777	1687	1753
GCF_002814115	1828	1824	1820	1815	1785	1817	1831	1811	1802	1825	1802	1829	1807	1818	1823	1791	1808	1818	1808	1802	1797	1820	1805	1811	1838	1813	1810	1830	1807	1792	1821	1822	1832	1793	1822	1817	1812	1819	1817	1805	1817	1832	1792	1820	1807	1819	1802	1814	1786	1818	1805	1725	1745	1811	1804	1816	1811	1808	0	1811	1830	1828	1813	1799	1802	1817	1812	1806	1809
GCF_900636775	1713	1428	1339	1452	1751	1124	1622	1687	1759	1796	1759	1603	1698	1743	1754	1125	1644	1749	1742	1758	1768	1668	1666	1690	1805	1449	1709	1787	1722	1792	1749	1714	1638	1131	1659	1755	1479	1632	1773	1666	1773	1638	1106	1339	1696	1507	1757	1436	1752	1437	1668	1810	1491	1686	1668	1807	1686	1742	1811	0	1752	1713	1578	1760	1758	1814	1766	1668	1754
GCF_906464865	1788	1797	1654	1785	1820	1778	1393	1622	1763	1777	1763	1787	1792	1785	1826	1782	1815	1821	1794	1761	1739	1788	1794	1797	1791	1785	1759	1819	1628	1820	1819	771	1813	1780	1785	1807	1796	1509	1811	1794	1811	1813	1779	1653	1791	1655	1760	1789	1818	1630	1794	1825	1751	1618	1793	1810	1618	1794	1830	1752	0	1788	1814	1732	1761	1822	1794	1785	1796
GCF_906464835	41	1786	1729	1756	1778	1768	1788	1768	1751	1811	1749	1743	1760	1777	1788	1748	1795	1782	1721	1747	1744	788	1755	1775	1800	1754	1731	1805	1788	1807	1779	1777	1782	1745	716	1786	1769	1789	1777	1754	1777	1782	1744	1730	1761	1741	1745	1747	1781	1730	1753	1828	1729	1768	1756	1812	1768	1721	1828	1713	1788	0	1773	1758	1747	1805	1785	1748	1763
GCF_005979305	1775	1685	1324	1574	1759	1535	1791	1747	1769	1797	1769	1771	1738	1764	1750	1773	1708	1744	1743	1768	1785	1749	1725	1733	1809	1573	1737	1537	1781	1807	1742	1771	1213	1770	1758	1750	1688	1775	1578	1724	1578	1213	1771	1324	1739	1686	1769	1566	1761	1694	1724	1822	1715	1746	1723	1820	1746	1743	1813	1578	1814	1773	0	1781	1768	1837	1758	1718	1743
GCF_013344665	1760	1787	1756	1777	1690	1774	1798	1771	960	1793	955	1766	1761	1662	1795	1792	1796	1793	1757	955	464	1741	1766	1765	1754	1777	1748	1781	1670	1804	1790	1712	1778	1793	1739	1761	1761	1767	1793	1766	1793	1778	1791	1756	1763	1752	939	1777	1685	1742	1768	1832	1761	1769	1767	1804	1769	1757	1799	1760	1732	1758	1781	0	955	1444	1564	1764	1752
GCF_006494855	1749	1797	1747	1762	1673	1767	1796	1773	22	1807	7	1755	1760	1635	1755	1796	1794	1751	1753	0	929	1729	1755	1764	1672	1762	1747	1785	1706	1808	1749	1744	1777	1797	1727	1764	1746	1774	1787	1754	1787	1777	1794	1747	1757	1756	92	1765	1667	1750	1757	1833	1762	1770	1755	1812	1770	1753	1802	1758	1761	1747	1768	955	0	1123	1418	1753	1758
GCF_014489455	1806	1839	1823	1833	1783	1830	1834	1830	1130	1847	1122	1829	1824	1781	1823	1830	1840	1819	1830	1123	1445	1802	1827	1818	1721	1830	1805	1843	1764	1848	1819	1812	1845	1831	1802	1819	1817	1822	1836	1826	1836	1845	1831	1823	1816	1823	1130	1827	1779	1819	1827	1856	1812	1829	1827	1839	1829	1830	1817	1814	1822	1805	1837	1444	1123	0	1608	1825	1832
GCF_018986755	1782	1783	1764	1764	1754	1756	1798	1769	1422	1810	1417	1775	1775	1683	566	1804	1776	527	1777	1418	1572	1765	1764	1783	1806	1764	1706	1779	1788	1808	527	1788	1773	1805	1764	1732	1765	1798	1775	1761	1775	1773	1801	1764	1776	1774	1406	1765	1754	1775	1766	1836	1763	1768	1765	1829	1768	1777	1812	1766	1794	1785	1758	1564	1418	1608	0	1771	1735
GCF_019195415	1748	1748	1655	1728	1760	1700	1203	464	1755	1796	1754	1611	1735	1756	1772	1732	1777	1767	1687	1753	1767	1719	231	1218	1808	1727	1706	1767	1768	1796	1765	1760	1749	1729	1716	1754	1686	1757	1780	229	1780	1749	1728	1655	1731	1685	1756	1731	1760	1654	238	1821	1696	463	220	1803	463	1687	1806	1668	1785	1748	1718	1764	1753	1825	1771	0	1723
GCF_017357805	1761	1748	1741	1749	1752	1753	1761	1737	1760	1791	1759	1715	1748	1770	1741	1772	1785	1736	1753	1758	1753	1735	1723	1738	1822	1748	1679	1753	1797	1815	1739	1789	1757	1771	1737	1684	1753	1762	1761	1717	1761	1757	1770	1741	1746	1751	1760	1751	1749	1753	1721	1833	1726	1735	1720	1800	1735	1753	1809	1754	1796	1763	1743	1752	1758	1832	1735	1723	0
