GCF NAME														
GCF_000009885	NC_012731.1	NC_006625.1												
GCF_000016305	NC_009648.1	NC_009649.1	NC_009650.1	NC_009651.1	NC_009652.1	NC_009653.1								
GCF_000220485	NC_017540.1	NC_017541.1												
GCF_000240185	NC_016845.1	NC_016838.1	NC_016846.1	NC_016839.1	NC_016840.1	NC_016847.1	NC_016841.1							
GCF_000281435	NZ_CP007727.1	NZ_CP007730.1	NZ_CP007728.1	NZ_CP007729.1										
GCF_000281535	NZ_CP008827.1	NZ_CP008830.1	NZ_CP008828.1	NZ_CP008829.1										
GCF_000294365	NC_018522.1													
GCF_000364385	NZ_CP006659.2	NZ_CP006663.1	NZ_CP006662.2	NZ_CP006660.1	NZ_CP006661.1									
GCF_000406765	NZ_CP011980.1	NZ_CP011984.1	NZ_CP011981.1	NZ_CP011983.1	NZ_CP011982.1									
GCF_000417225	NZ_CP011976.1	NZ_CP011979.1	NZ_CP011977.1	NZ_CP011978.1										
GCF_000417265	NZ_CP011985.1	NZ_CP011986.1	NZ_CP011988.1	NZ_CP011987.1										
GCF_000465975	NZ_CP012883.1	NZ_CP012884.1												
GCF_000474015	NC_022566.1													
GCF_000512165	NZ_CP003999.1	NZ_CP003996.1	NZ_CP003994.1	NZ_CP003995.1	NZ_CP003997.1	NZ_CP003998.1	NZ_CP004000.1							
GCF_000597905	NZ_CP006918.1	NZ_CP006922.1	NZ_CP006919.1	NZ_CP006921.1										
GCF_000598005	NZ_CP006923.1	NZ_CP006927.1	NZ_CP006926.1	NZ_CP006925.1	NZ_CP006928.1	NZ_CP006924.1								
GCF_000695935	NZ_CP007731.1	NZ_CP007736.1	NZ_CP007732.1	NZ_CP007735.1	NZ_CP007733.1	NZ_CP007734.1								
GCF_000714675	NZ_CP008797.1	NZ_CP008800.1	NZ_CP008798.1	NZ_CP008799.1										
GCF_000717515	NZ_CP008831.1	NZ_CP008832.1	NZ_CP008833.1											
GCF_000733255	NZ_CP006798.1	NZ_CP006799.1	NZ_CP006800.1	NZ_CP006801.1	NZ_CP006802.1									
GCF_000739495	NZ_CP009114.1	NZ_CP009116.1	NZ_CP009115.1											
GCF_000742755	NZ_CP009208.1													
GCF_000764615	NZ_CP008929.1	NZ_CP008930.1	NZ_CP008931.1	NZ_CP008932.1	NZ_CP008933.1									
GCF_000775375	NZ_CP009771.1	NZ_CP009773.1	NZ_CP009774.1	NZ_CP009772.1										
GCF_000775395	NZ_CP009775.1	NZ_CP009776.1	NZ_CP009778.1	NZ_CP009777.1										
GCF_000775955	NZ_CP009461.1													
GCF_000784945	NZ_CP009863.1	NZ_CP009864.1	NZ_CP009865.1											
GCF_000784985	NZ_CP009872.1	NZ_CP009874.1	NZ_CP009873.1	NZ_CP009875.1										
GCF_000785005	NZ_CP009876.1	NZ_CP009879.1	NZ_CP009877.1	NZ_CP009878.1										
GCF_000813205	NZ_CP006738.1													
GCF_000814305	NZ_CP010392.1	NZ_CP010394.1	NZ_CP010393.1	NZ_CP010395.1	NZ_CP010396.1									
GCF_000814805	NZ_CP006722.1													
GCF_000968155	NZ_FO834906.1	NZ_FO834904.1	NZ_FO834905.1											
GCF_001022035	NZ_CP011578.1	NZ_CP011577.1	NZ_CP011576.1	NZ_CP011575.1										
GCF_001022175	NZ_CP011624.1	NZ_CP011623.1	NZ_CP011619.1	NZ_CP011620.1	NZ_CP011621.1	NZ_CP011622.1								
GCF_001022235	NZ_CP011647.1	NZ_CP011643.1	NZ_CP011644.1	NZ_CP011645.1	NZ_CP011646.1									
GCF_001185665	NZ_CP073054.1	NZ_CP073055.1	NZ_CP073056.1	NZ_CP073057.1	NZ_CP073058.1	NZ_CP073059.1								
GCF_001307175	NZ_CP012753.1	NZ_CP012754.1	NZ_CP012755.1											
GCF_001316565	NZ_CP023487.1	NZ_CP023488.1	NZ_CP023489.1											
GCF_001455995	NZ_LN824133.1	NZ_LN824134.1	NZ_LN824135.1	NZ_LN824136.1	NZ_LN824137.1	NZ_LN824138.1	NZ_LN824139.1							
GCF_001456055	NZ_CP012987.1	NZ_CP012991.1	NZ_CP012988.3	NZ_CP012990.1	NZ_CP012989.1									
GCF_001456095	NZ_CP012992.1	NZ_CP014305.2	NZ_CP012993.2	NZ_CP012995.1	NZ_CP012994.1									
GCF_001456135	NZ_CP013322.1	NZ_CP013324.1	NZ_CP013323.1	NZ_CP013321.1	NZ_CP013326.1	NZ_CP013325.1								
GCF_001482345	NZ_CP013711.1	NZ_CP013712.1	NZ_CP013713.1											
GCF_001521895	NZ_CP014004.1	NZ_CP014005.1	NZ_CP014006.1											
GCF_001529935	NZ_CP014010.1	NZ_CP014011.1												
GCF_001530015	NZ_CP014008.1	NZ_CP014009.1												
GCF_001548315	NZ_AP014950.1													
GCF_001611055	NZ_CP012743.1													
GCF_001611095	NZ_CP012744.1													
GCF_001644765	NZ_CP015500.1	NZ_CP015501.1	NZ_CP015502.1	NZ_CP015503.1	NZ_CP015504.1	NZ_CP015505.1								
GCF_001646625	NZ_CP015753.1	NZ_CP015754.1	NZ_CP015755.1											
GCF_001648215	NZ_CP014755.1	NZ_CP014757.1	NZ_CP014756.1	NZ_CP014758.1										
GCF_001663195	NZ_CP015990.1	NZ_CP015991.1												
GCF_001663295	NZ_CP014762.1	NZ_CP014765.1	NZ_CP014763.1	NZ_CP014764.1										
GCF_001663435	NZ_CP015025.1	NZ_CP015026.1												
GCF_001663455	NZ_CP015130.1	NZ_CP015133.1	NZ_CP015131.1	NZ_CP015132.1										
GCF_001675125	NZ_CP014647.1	NZ_CP014649.1	NZ_CP014650.1	NZ_CP014648.1										
GCF_001676825	NZ_CP016159.1	NZ_CP016160.1	NZ_CP016161.1											
GCF_001699105	NZ_CP052761.1	NZ_CP052762.1	NZ_CP052763.1											
GCF_001701425	NZ_CP027042.1	NZ_CP027045.1	NZ_CP027044.1	NZ_CP027047.1	NZ_CP027046.1	NZ_CP027043.1								
GCF_001701835	NZ_CP027036.1	NZ_CP027041.1	NZ_CP027037.1	NZ_CP027039.1	NZ_CP027040.1	NZ_CP027038.1								
GCF_001701845	NZ_CP027048.1	NZ_CP027052.1	NZ_CP027050.1	NZ_CP027049.1	NZ_CP027051.1									
GCF_001702045	NZ_CP027053.1	NZ_CP027058.1	NZ_CP027056.1	NZ_CP027054.1	NZ_CP027055.1	NZ_CP027057.1								
GCF_001704235	NZ_CP016811.1	NZ_CP016810.1	NZ_CP016812.1											
GCF_001705385	NZ_CP015822.1	NZ_CP015823.1	NZ_CP015824.1	NZ_CP015825.1										
GCF_001708225	NZ_CP016814.1	NZ_CP016815.1												
GCF_001708245	NZ_CP016813.1													
GCF_001709275	NZ_CP016923.1	NZ_CP016921.1	NZ_CP016920.1	NZ_CP016922.1	NZ_CP016919.1									
GCF_001709295	NZ_CP016926.1	NZ_CP016925.1	NZ_CP016924.1	NZ_CP016927.1										
GCF_001721725	NZ_CP012560.1													
GCF_001741545	NZ_CP012568.1	NZ_CP012569.1	NZ_CP012570.1	NZ_CP012571.1	NZ_CP012572.1									
GCF_001741665	NZ_CP012561.1	NZ_CP012562.1	NZ_CP012563.1	NZ_CP012564.1	NZ_CP012565.1	NZ_CP012566.1	NZ_CP012567.1							
GCF_001746535	NZ_CP012745.1													
GCF_001855315	NZ_CP012426.1	NZ_CP012427.1	NZ_CP012428.1	NZ_CP012429.1	NZ_CP011839.1									
GCF_001870165	NZ_CP017934.1	NZ_CP017937.1	NZ_CP017936.1	NZ_CP017935.1										
GCF_001885255	NZ_CP018140.1	NZ_CP018313.1	NZ_CP018318.1	NZ_CP018315.1	NZ_CP018316.1	NZ_CP018317.1	NZ_CP018314.1							
GCF_001887985	NZ_CP026585.3	NZ_CP026582.3	NZ_CP026583.3	NZ_CP026584.1										
GCF_001887995	NZ_CP031885.1	NZ_CP031882.1	NZ_CP031884.1	NZ_CP031883.1										
GCF_001902195	NZ_CP018428.1	NZ_CP018431.1	NZ_CP018429.1	NZ_CP018432.1	NZ_CP018430.1									
GCF_001902215	NZ_CP018427.1	NZ_CP018425.1	NZ_CP018423.1	NZ_CP018426.1	NZ_CP018424.1									
GCF_001902235	NZ_CP018437.1	NZ_CP018433.1	NZ_CP018435.1	NZ_CP018436.1	NZ_CP018434.1									
GCF_001902255	NZ_CP018356.1	NZ_CP018353.1	NZ_CP018355.1	NZ_CP018354.1										
GCF_001902335	NZ_CP018337.1	NZ_CP018339.1	NZ_CP018338.1	NZ_CP018340.1	NZ_CP018341.1	NZ_CP018342.1	NZ_CP018343.1							
GCF_001902355	NZ_CP018364.1	NZ_CP018365.1	NZ_CP018366.1											
GCF_001902415	NZ_CP018438.1	NZ_CP018441.1	NZ_CP018443.1	NZ_CP018442.1	NZ_CP018445.1	NZ_CP018444.1	NZ_CP018440.1	NZ_CP018446.1	NZ_CP018439.1					
GCF_001902435	NZ_CP018447.1	NZ_CP018448.1	NZ_CP018449.1											
GCF_001902475	NZ_CP018454.1	NZ_CP018455.1												
GCF_001902515	NZ_CP018450.1	NZ_CP018451.1	NZ_CP018452.1	NZ_CP018453.1										
GCF_001902535	NZ_CP018352.1	NZ_CP018351.1	NZ_CP018350.1	NZ_CP018348.1	NZ_CP018349.1									
GCF_001908515	NZ_CP018671.1	NZ_CP018670.1	NZ_CP018665.1	NZ_CP018666.1	NZ_CP018667.1	NZ_CP018668.1	NZ_CP018669.1							
GCF_001908595	NZ_CP018686.1	NZ_CP018687.1	NZ_CP018689.1	NZ_CP018690.1	NZ_CP018691.1	NZ_CP018688.1								
GCF_001908625	NZ_CP018701.1	NZ_CP018702.1	NZ_CP018704.1	NZ_CP018706.1	NZ_CP018705.1	NZ_CP018703.1								
GCF_001908655	NZ_CP018707.1	NZ_CP018708.1	NZ_CP018710.1	NZ_CP018712.1	NZ_CP018711.1	NZ_CP018709.1								
GCF_001908675	NZ_CP018713.1	NZ_CP018714.1	NZ_CP018716.1	NZ_CP018717.1	NZ_CP018718.1	NZ_CP018715.1								
GCF_001908695	NZ_CP018719.1	NZ_CP018720.1	NZ_CP018722.1	NZ_CP018723.1	NZ_CP018724.1	NZ_CP018721.1								
GCF_001908715	NZ_CP018676.1	NZ_CP018674.1	NZ_CP018672.1	NZ_CP018675.1	NZ_CP018673.1									
GCF_001908875	NZ_CP018695.1	NZ_CP018696.1	NZ_CP018698.1	NZ_CP018700.1	NZ_CP018699.1	NZ_CP018697.1								
GCF_001908895	NZ_CP018692.1	NZ_CP018693.1	NZ_CP018694.1											
GCF_001913175	NZ_CP018735.1	NZ_CP018737.1	NZ_CP018736.1	NZ_CP018738.1	NZ_CP018740.1	NZ_CP018739.1								
GCF_001922465	NZ_CP018816.1	NZ_CP018817.1	NZ_CP018818.1	NZ_CP018819.1										
GCF_001936035	NZ_CP015134.1	NZ_CP015135.1												
GCF_001939885	NZ_CP019160.1	NZ_CP019161.1												
GCF_001952835	NZ_CP019219.1	NZ_CP019220.1												
GCF_001952875	NZ_CP015382.1	NZ_CP015383.1	NZ_CP015384.1											
GCF_001952895	NZ_CP015385.1	NZ_CP015386.1	NZ_CP015387.1	NZ_CP015388.1	NZ_CP015389.1	NZ_CP015390.1	NZ_CP015391.1							
GCF_001952915	NZ_CP015392.1	NZ_CP015393.1	NZ_CP015394.1	NZ_CP015395.1	NZ_CP015396.1	NZ_CP015397.1								
GCF_001956965	NZ_CP017985.1	NZ_CP017986.1	NZ_CP017987.1	NZ_CP017988.1	NZ_CP017989.1									
GCF_002055765	NZ_CP020061.1	NZ_CP020062.1	NZ_CP020063.1	NZ_CP020064.1	NZ_CP020065.1	NZ_CP020066.1								
GCF_002055855	NZ_CP020067.1	NZ_CP020068.1	NZ_CP020069.1	NZ_CP020070.1										
GCF_002056385	NZ_CP020071.1	NZ_CP020072.1	NZ_CP020073.1	NZ_CP020074.1	NZ_CP020075.1									
GCF_002056475	NZ_CP020108.1	NZ_CP020109.1	NZ_CP020110.1	NZ_CP020111.1	NZ_CP020112.1									
GCF_002113865	NZ_CP020901.1	NZ_CP020902.1	NZ_CP020903.1	NZ_CP020904.1	NZ_CP020905.1									
GCF_002116885	NZ_CP015120.1													
GCF_002156725	NZ_CP020837.1	NZ_CP020838.1	NZ_CP020839.1	NZ_CP020840.1										
GCF_002156745	NZ_CP020841.1	NZ_CP020842.1	NZ_CP020843.1	NZ_CP020844.1	NZ_CP020846.1	NZ_CP020845.1								
GCF_002156785	NZ_CP020853.1	NZ_CP020854.1	NZ_CP020855.1	NZ_CP020856.1										
GCF_002163895	NZ_CP019047.1	NZ_CP019048.1	NZ_CP019049.1	NZ_CP019050.1										
GCF_002164835	NZ_CP028542.3	NZ_CP028539.3	NZ_CP028540.3	NZ_CP028541.2										
GCF_002164855	NZ_CP031721.1	NZ_CP031717.1	NZ_CP031718.1	NZ_CP031720.1	NZ_CP031719.1									
GCF_002180075	NZ_CP021539.1	NZ_CP021540.1	NZ_CP021541.1	NZ_CP021542.1	NZ_CP021543.1									
GCF_002180155	NZ_CP021549.1	NZ_CP021544.1	NZ_CP021545.1	NZ_CP021546.1	NZ_CP021547.1	NZ_CP021548.1								
GCF_002180175	NZ_CP021685.1	NZ_CP021686.1	NZ_CP021687.1	NZ_CP021688.1										
GCF_002180255	NZ_CP021696.1	NZ_CP021697.1	NZ_CP021698.1	NZ_CP021699.1	NZ_CP021700.1									
GCF_002180295	NZ_CP021718.1	NZ_CP021713.1	NZ_CP021714.1	NZ_CP021715.1	NZ_CP021716.1	NZ_CP021717.1								
GCF_002180315	NZ_CP021708.1	NZ_CP021709.1	NZ_CP021710.1	NZ_CP021711.1	NZ_CP021712.1									
GCF_002192315	NZ_CP021740.1	NZ_CP021741.1	NZ_CP021742.1	NZ_CP021743.1										
GCF_002192335	NZ_CP021751.1	NZ_CP021752.1	NZ_CP021753.1	NZ_CP021754.1	NZ_CP021755.1	NZ_CP021756.1								
GCF_002192375	NZ_CP021757.1	NZ_CP021758.1	NZ_CP021759.1	NZ_CP021760.1	NZ_CP021761.1									
GCF_002197225	NZ_CP021833.1	NZ_CP021834.1	NZ_CP021835.1	NZ_CP021836.1	NZ_CP021837.1									
GCF_002197505	NZ_CP021859.1	NZ_CP021856.1	NZ_CP021857.1	NZ_CP021858.1	NZ_CP021860.1	NZ_CP021861.1								
GCF_002202195	NZ_CP021960.1	NZ_CP021958.1	NZ_CP021959.1	NZ_CP021961.1	NZ_CP021962.1									
GCF_002202215	NZ_CP021939.1	NZ_CP021940.1	NZ_CP021941.1	NZ_CP021942.1	NZ_CP021943.1									
GCF_002202235	NZ_CP021944.1	NZ_CP021945.1	NZ_CP021946.1	NZ_CP021947.1	NZ_CP021948.1	NZ_CP021949.1								
GCF_002202255	NZ_CP021950.1	NZ_CP021951.1	NZ_CP021952.1	NZ_CP021953.1	NZ_CP021954.1									
GCF_002202275	NZ_CP021955.1	NZ_CP021956.1	NZ_CP021957.1											
GCF_002209405	NZ_CP022023.1													
GCF_002211905	NZ_CP022127.1	NZ_CP022126.1	NZ_CP022125.1	NZ_CP022128.1										
GCF_002243445	NZ_CP022573.1	NZ_CP022574.1	NZ_CP022575.1	NZ_CP022576.1										
GCF_002248115	NZ_CP041099.1	NZ_CP041100.1	NZ_CP041101.1	NZ_CP041102.1	NZ_CP041103.1	NZ_CP041104.1	NZ_CP041105.1	NZ_CP041106.1	NZ_CP041107.1	NZ_CP041108.1	NZ_CP041109.1			
GCF_002249975	NZ_CP022691.2	NZ_CP022692.2	NZ_CP022693.2	NZ_CP022694.2	NZ_CP045796.1									
GCF_002251875	NZ_CP041092.1	NZ_CP041093.1	NZ_CP041094.1	NZ_CP041095.1	NZ_CP041096.1	NZ_CP041097.1	NZ_CP041098.1							
GCF_002257765	NZ_CP036361.1	NZ_CP036363.1	NZ_CP036364.1	NZ_CP036362.1										
GCF_002257935	NZ_CP028391.2	NZ_CP028389.3	NZ_CP028390.2											
GCF_002258055	NZ_CP028806.2	NZ_CP028801.2	NZ_CP028802.2	NZ_CP028804.2	NZ_CP028805.1	NZ_CP028803.2								
GCF_002258145	NZ_CP027068.3	NZ_CP027065.3	NZ_CP027066.3	NZ_CP027067.1										
GCF_002269295	NZ_CP022882.1													
GCF_002278055	NZ_CP022997.1													
GCF_002300675	NZ_CP036320.1	NZ_CP036321.1	NZ_CP036323.1	NZ_CP036324.1	NZ_CP036325.1	NZ_CP036326.1	NZ_CP036322.1							
GCF_002587165	NZ_CP023941.1	NZ_CP023940.1	NZ_CP023943.1	NZ_CP023942.1	NZ_CP023944.1									
GCF_002587885	NZ_CP023946.1	NZ_CP023948.1	NZ_CP023947.1	NZ_CP023945.1										
GCF_002591075	NZ_CP023913.1	NZ_CP023918.1	NZ_CP023917.1	NZ_CP023916.1	NZ_CP023914.1	NZ_CP023915.1								
GCF_002741685	NZ_CP024191.1	NZ_CP024192.1	NZ_CP024193.1	NZ_CP024194.1	NZ_CP024195.1	NZ_CP024196.1	NZ_CP024197.1							
GCF_002752775	NZ_CP024489.1	NZ_CP024490.1	NZ_CP024491.1	NZ_CP024492.1	NZ_CP024493.1	NZ_CP024494.1	NZ_CP024495.1							
GCF_002752905	NZ_CP024496.1	NZ_CP024497.1	NZ_CP024498.1											
GCF_002752955	NZ_CP024458.1	NZ_CP024459.1	NZ_CP024462.1	NZ_CP024461.1	NZ_CP024465.1	NZ_CP024463.1	NZ_CP024460.1	NZ_CP024464.1						
GCF_002752975	NZ_CP024563.1	NZ_CP024564.1	NZ_CP024565.1	NZ_CP024566.1	NZ_CP024567.1	NZ_CP024568.1	NZ_CP024569.1							
GCF_002752995	NZ_CP024542.1	NZ_CP024543.1	NZ_CP024544.1											
GCF_002753055	NZ_CP024521.1	NZ_CP024522.1	NZ_CP024523.1	NZ_CP024524.1	NZ_CP024525.1	NZ_CP024526.1	NZ_CP024527.1							
GCF_002753075	NZ_CP024528.1	NZ_CP024529.1	NZ_CP024530.1	NZ_CP024531.1	NZ_CP024532.1	NZ_CP024533.1	NZ_CP024534.1							
GCF_002753165	NZ_CP024535.1	NZ_CP024536.1	NZ_CP024537.1	NZ_CP024538.1	NZ_CP024539.1	NZ_CP024540.1	NZ_CP024541.1							
GCF_002753355	NZ_CP024545.1	NZ_CP024546.1	NZ_CP024547.1											
GCF_002753375	NZ_CP024548.1													
GCF_002753405	NZ_CP024549.1	NZ_CP024550.1	NZ_CP024551.1	NZ_CP024552.1	NZ_CP024553.1	NZ_CP024554.1	NZ_CP024555.1							
GCF_002753555	NZ_CP024556.1	NZ_CP024557.1	NZ_CP024558.1	NZ_CP024559.1	NZ_CP024560.1	NZ_CP024561.1	NZ_CP024562.1							
GCF_002753605	NZ_CP024570.1	NZ_CP024571.1	NZ_CP024572.1	NZ_CP024573.1	NZ_CP024574.1	NZ_CP024575.1								
GCF_002761315	NZ_CP017994.1													
GCF_002761515	NZ_CP018056.1													
GCF_002786755	NZ_CP024838.1	NZ_CP024839.1	NZ_CP024840.1	NZ_CP024841.1										
GCF_002787755	NZ_CP024834.1	NZ_CP024835.1	NZ_CP024836.1	NZ_CP024837.1										
GCF_002811305	NZ_CP036371.1	NZ_CP036373.1	NZ_CP036374.1	NZ_CP036372.1	NZ_CP036375.1									
GCF_002811325	NZ_CP028583.2	NZ_CP028579.2	NZ_CP028580.2	NZ_CP028582.2	NZ_CP028581.2									
GCF_002811335	NZ_CP025963.2	NZ_CP029779.1	NZ_CP025965.2	NZ_CP025964.2	NZ_CP025966.2									
GCF_002812365	NZ_CP025005.1	NZ_CP025006.1	NZ_CP025007.1											
GCF_002812385	NZ_CP025008.1	NZ_CP025009.1	NZ_CP025010.1											
GCF_002812665	NZ_CP025037.1	NZ_CP025038.1	NZ_CP025039.1	NZ_CP025040.1	NZ_CP025041.1	NZ_CP025042.1								
GCF_002813595	NZ_CP025080.1	NZ_CP025081.1												
GCF_002814015	NZ_CP018306.1													
GCF_002833425	NZ_CP025143.1	NZ_CP025144.1	NZ_CP025145.1											
GCF_002833445	NZ_CP025140.1	NZ_CP025141.1	NZ_CP025142.1											
GCF_002833465	NZ_CP025146.1	NZ_CP025147.1	NZ_CP025148.1											
GCF_002848545	NZ_CP025456.1	NZ_CP025457.1	NZ_CP025458.1	NZ_CP025459.1	NZ_CP025460.1									
GCF_002848565	NZ_CP025466.1	NZ_CP025467.1	NZ_CP025468.1	NZ_CP025469.1	NZ_CP025470.1									
GCF_002848585	NZ_CP025461.1	NZ_CP025462.1	NZ_CP025463.1	NZ_CP025464.1	NZ_CP025465.1									
GCF_002850275	NZ_CP025541.3													
GCF_002852365	NZ_CP036300.1	NZ_CP036302.1	NZ_CP036303.1	NZ_CP036301.1	NZ_CP036304.1									
GCF_002852785	NZ_CP043357.1	NZ_CP043359.1	NZ_CP043360.1	NZ_CP043358.1	NZ_CP043361.1									
GCF_002852945	NZ_CP028783.2	NZ_CP028779.2	NZ_CP028780.2	NZ_CP028781.2	NZ_CP028782.2									
GCF_002852975	NZ_CP029384.2	NZ_CP029379.1	NZ_CP029380.1	NZ_CP029381.1	NZ_CP029382.1	NZ_CP029383.2								
GCF_002852995	NZ_CP028787.2	NZ_CP028784.1	NZ_CP028786.2	NZ_CP028785.2										
GCF_002853115	NZ_CP073285.1	NZ_CP073286.1												
GCF_002853435	NZ_CP028548.2	NZ_CP028543.1	NZ_CP028544.1	NZ_CP028547.2	NZ_CP028545.2	NZ_CP028546.2								
GCF_002853475	NZ_CP037963.1	NZ_CP037966.1	NZ_CP037965.1	NZ_CP037967.1	NZ_CP037964.1									
GCF_002893825	NZ_CP025951.1	NZ_CP025952.1												
GCF_002903005	NZ_CP026177.1	NZ_CP026172.1	NZ_CP026173.1	NZ_CP026174.1	NZ_CP026176.1	NZ_CP026175.1								
GCF_002903025	NZ_CP026178.1	NZ_CP026183.1	NZ_CP026182.1	NZ_CP026181.1	NZ_CP026185.1	NZ_CP026184.1	NZ_CP026179.1	NZ_CP026186.1	NZ_CP026180.1					
GCF_002909775	NZ_CP036327.1	NZ_CP036329.1	NZ_CP036328.1	NZ_CP036330.1	NZ_CP036333.1	NZ_CP036331.1	NZ_CP036332.1	NZ_CP036334.1						
GCF_002918585	NZ_CP036450.1	NZ_CP036446.1	NZ_CP036447.1	NZ_CP036448.1	NZ_CP036449.1									
GCF_002935085	NZ_CP026392.1	NZ_CP026398.1	NZ_CP026395.1	NZ_CP026396.1	NZ_CP026397.1	NZ_CP026394.1	NZ_CP026393.1							
GCF_002944845	NZ_CP026586.1	NZ_CP026587.1	NZ_CP026588.1	NZ_CP026589.1	NZ_CP026590.1									
GCF_002948565	NZ_CP026751.1	NZ_CP026752.1	NZ_CP026753.1											
GCF_002951555	NZ_CP018883.1	NZ_CP018884.1												
GCF_002951595	NZ_CP018885.1	NZ_CP018886.1	NZ_CP018887.1											
GCF_002951635	NZ_CP014123.1	NZ_CP014121.1	NZ_CP014124.1	NZ_CP014125.1	NZ_CP014122.1									
GCF_002966875	NZ_CP025211.1	NZ_CP025212.1	NZ_CP025213.1	NZ_CP025214.1	NZ_CP025215.1									
GCF_002967795	NZ_CP053364.1	NZ_CP053365.1	NZ_CP053368.1	NZ_CP053366.1	NZ_CP053367.1									
GCF_002968475	NZ_CP027146.1	NZ_CP027152.1	NZ_CP027147.1	NZ_CP027150.1	NZ_CP027156.1	NZ_CP027148.1	NZ_CP027155.1	NZ_CP027153.1	NZ_CP027149.1	NZ_CP027154.1	NZ_CP027151.1			
GCF_002968495	NZ_CP027160.1	NZ_CP027161.1	NZ_CP027158.1	NZ_CP027162.1	NZ_CP027164.1	NZ_CP027163.1	NZ_CP027157.1	NZ_CP027159.1						
GCF_002970375	NZ_CP034039.1	NZ_CP034040.1	NZ_CP034041.1	NZ_CP034042.1	NZ_CP034043.1									
GCF_002970895	NZ_CP027189.1													
GCF_003006175	NZ_CP024429.1	NZ_CP024430.1	NZ_CP024431.1	NZ_CP024432.1	NZ_CP024433.1	NZ_CP024434.1	NZ_CP024435.1	NZ_CP024436.1						
GCF_003010735	NZ_CP027612.1	NZ_CP027613.1	NZ_CP027614.1	NZ_CP027615.1	NZ_CP027616.1	NZ_CP027617.1								
GCF_003030145	NZ_CP028176.1	NZ_CP028177.1	NZ_CP028178.1	NZ_CP028179.1										
GCF_003031325	NZ_CP024874.1	NZ_CP024875.1	NZ_CP024876.1	NZ_CP024877.1	NZ_CP024878.1	NZ_CP024879.1								
GCF_003031345	NZ_CP024916.1	NZ_CP024917.1	NZ_CP024918.1	NZ_CP024919.1										
GCF_003031505	NZ_CP020498.1	NZ_CP020499.1	NZ_CP020500.1											
GCF_003037005	NZ_CP036305.1	NZ_CP036307.1	NZ_CP036308.1	NZ_CP036306.1	NZ_CP036309.1									
GCF_003037325	NZ_CP028797.2	NZ_CP028794.1	NZ_CP028795.2	NZ_CP028796.1										
GCF_003037615	NZ_CP029388.1	NZ_CP029385.1	NZ_CP029386.1	NZ_CP029387.1										
GCF_003038135	NZ_CP043353.1	NZ_CP043355.1	NZ_CP043356.1	NZ_CP043354.1										
GCF_003038215	NZ_CP028793.2	NZ_CP028788.2	NZ_CP028791.1	NZ_CP028789.2	NZ_CP028790.2	NZ_CP028792.1								
GCF_003054385	NZ_CP028716.1	NZ_CP028717.1	NZ_CP028718.1											
GCF_003069525	NZ_CP028932.1	NZ_CP028929.1	NZ_CP028930.1	NZ_CP028931.1										
GCF_003071305	NZ_CP028953.1	NZ_CP028954.1	NZ_CP028955.1											
GCF_003073235	NZ_CP024038.1	NZ_CP024040.1	NZ_CP024041.1	NZ_CP024039.1	NZ_CP024042.1	NZ_CP024044.1	NZ_CP024043.1							
GCF_003073315	NZ_CP028990.1	NZ_CP028991.1	NZ_CP028992.1	NZ_CP028993.1										
GCF_003073335	NZ_CP028994.1	NZ_CP029000.1	NZ_CP028999.1	NZ_CP028998.1	NZ_CP028997.1	NZ_CP028996.1	NZ_CP028995.1							
GCF_003073675	NZ_CP029099.1	NZ_CP029098.1	NZ_CP029100.1	NZ_CP029101.1	NZ_CP029102.1									
GCF_003074015	NZ_CP029137.1	NZ_CP029135.1	NZ_CP029136.1	NZ_CP029138.1	NZ_CP029139.1									
GCF_003076555	NZ_CP026495.1	NZ_CP026496.1	NZ_CP026497.1											
GCF_003181055	NZ_CP029582.1	NZ_CP029583.1	NZ_CP029584.1	NZ_CP029585.1	NZ_CP029586.1									
GCF_003181095	NZ_CP029587.1	NZ_CP029588.1	NZ_CP029589.1											
GCF_003181135	NZ_CP029590.1	NZ_CP029591.1	NZ_CP029592.1											
GCF_003186535	NZ_CP021165.1	NZ_CP021166.1												
GCF_003194285	NZ_CP023249.1	NZ_CP023250.1	NZ_CP023251.1	NZ_CP023252.1	NZ_CP023253.1									
GCF_003203435	NZ_CP023722.1	NZ_CP023723.1	NZ_CP023724.1	NZ_CP023725.1										
GCF_003204175	NZ_CP029738.1	NZ_CP029739.1	NZ_CP029740.1											
GCF_003204465	NZ_CP029722.1	NZ_CP029723.1	NZ_CP029724.1											
GCF_003261955	NZ_CP033396.2	NZ_CP033392.2	NZ_CP033393.2	NZ_CP033395.2	NZ_CP033394.2									
GCF_003267985	NZ_CP022611.1	NZ_CP022612.1	NZ_CP022613.1											
GCF_003285145	NZ_CP030174.1													
GCF_003286975	NZ_CP030172.1													
GCF_003286995	NZ_CP030269.1	NZ_CP030268.1	NZ_CP030267.1	NZ_CP030270.1										
GCF_003288375	NZ_CP030341.1	NZ_CP030343.1	NZ_CP030342.1	NZ_CP030344.1										
GCF_003330945	NZ_CP030923.1	NZ_CP030924.1												
GCF_003367555	NZ_CP026130.1	NZ_CP026131.1												
GCF_003408615	NZ_CP031577.1	NZ_CP031582.1	NZ_CP031584.1	NZ_CP031578.1	NZ_CP031579.1	NZ_CP031580.1	NZ_CP031581.1	NZ_CP031583.1						
GCF_003429545	NZ_CP029689.1	NZ_CP030132.1	NZ_CP030134.1	NZ_CP030131.1	NZ_CP030130.1	NZ_CP030135.1	NZ_CP030133.1							
GCF_003432145	NZ_CP031789.1	NZ_CP031790.1	NZ_CP031791.1											
GCF_003432165	NZ_CP031800.1	NZ_CP031801.1	NZ_CP031802.1	NZ_CP031803.1	NZ_CP031804.1	NZ_CP031805.1	NZ_CP031806.1	NZ_CP031807.1						
GCF_003432185	NZ_CP031808.1	NZ_CP031809.1												
GCF_003432205	NZ_CP031814.1	NZ_CP031815.1	NZ_CP031816.1											
GCF_003432245	NZ_CP031792.1	NZ_CP031793.1	NZ_CP031794.1											
GCF_003432265	NZ_CP031798.1	NZ_CP031799.1												
GCF_003432285	NZ_CP031795.1	NZ_CP031796.1	NZ_CP031797.1											
GCF_003432405	NZ_CP031613.1	NZ_CP031614.1	NZ_CP031615.1	NZ_CP031616.1										
GCF_003443755	NZ_CP023416.1	NZ_CP023421.1	NZ_CP023417.1	NZ_CP023418.1	NZ_CP023419.1	NZ_CP023420.1								
GCF_003571525	NZ_CP032167.1	NZ_CP032168.1	NZ_CP032169.1	NZ_CP032170.1	NZ_CP032171.1	NZ_CP032172.1								
GCF_003571545	NZ_CP032178.1	NZ_CP032176.1	NZ_CP032177.1											
GCF_003571585	NZ_CP032175.1	NZ_CP032173.1	NZ_CP032174.1											
GCF_003571605	NZ_CP032185.1	NZ_CP032186.1	NZ_CP032187.1	NZ_CP032188.1	NZ_CP032189.1	NZ_CP032190.1	NZ_CP032191.1							
GCF_003571645	NZ_CP032200.1	NZ_CP032195.1	NZ_CP032196.1	NZ_CP032197.1	NZ_CP032198.1	NZ_CP032199.1								
GCF_003571705	NZ_CP032207.1	NZ_CP032206.1	NZ_CP032208.1	NZ_CP032209.1	NZ_CP032210.1	NZ_CP032211.1	NZ_CP032212.1							
GCF_003571745	NZ_CP032222.1	NZ_CP032223.1	NZ_CP032224.1	NZ_CP032225.1	NZ_CP032226.1	NZ_CP032227.1								
GCF_003574235	NZ_AP018747.1	NZ_AP018748.1	NZ_AP018749.1											
GCF_003574255	NZ_AP018750.1	NZ_AP018751.1	NZ_AP018752.1											
GCF_003574275	NZ_AP018753.1	NZ_AP018754.1	NZ_AP018755.1											
GCF_003584585	NZ_AP018671.1	NZ_AP018672.1	NZ_AP018673.1	NZ_AP018674.1	NZ_AP018675.1									
GCF_003590665	NZ_CP031817.1	NZ_CP031818.1	NZ_CP031819.1	NZ_CP031820.1	NZ_CP031821.1	NZ_CP031822.1								
GCF_003597695	NZ_CP022916.1	NZ_CP022917.1	NZ_CP022918.1											
GCF_003597715	NZ_CP022922.1	NZ_CP022923.1												
GCF_003597735	NZ_CP022919.1	NZ_CP022920.1	NZ_CP022921.1											
GCF_003597755	NZ_CP022924.1	NZ_CP022926.1	NZ_CP022925.1											
GCF_003660185	NZ_CP032831.1	NZ_CP032832.1												
GCF_003660205	NZ_CP032833.1	NZ_CP032834.1	NZ_CP032835.1	NZ_CP032836.1	NZ_CP032837.1	NZ_CP032838.1								
GCF_003692695	NZ_CP028478.1	NZ_CP028479.1	NZ_CP028480.1											
GCF_003711065	NZ_CP033405.1	NZ_CP033402.1	NZ_CP033403.1	NZ_CP033404.1										
GCF_003790485	NZ_CP033625.1	NZ_CP033626.1	NZ_CP033627.1	NZ_CP033628.1	NZ_CP033629.1	NZ_CP033630.1	NZ_CP033624.1							
GCF_003812085	NZ_CP033756.1	NZ_CP033757.1	NZ_CP033755.1	NZ_CP033758.1	NZ_CP033759.1									
GCF_003812105	NZ_CP033777.1	NZ_CP033774.1	NZ_CP033775.1	NZ_CP033776.1	NZ_CP033778.1	NZ_CP033779.1								
GCF_003850165	NZ_CP033946.1	NZ_CP033947.1	NZ_CP033948.1	NZ_CP033949.1	NZ_CP033950.1	NZ_CP033951.1	NZ_CP033952.1							
GCF_003855315	NZ_CP034045.1	NZ_CP034046.1	NZ_CP034047.1	NZ_CP034048.1	NZ_CP034049.1	NZ_CP034050.1	NZ_CP034051.1	NZ_CP034052.1						
GCF_003855515	NZ_CP034082.1	NZ_CP034085.1	NZ_CP034084.1	NZ_CP034083.1										
GCF_003855535	NZ_CP034076.1													
GCF_003855555	NZ_CP034077.1													
GCF_003856475	NZ_CP034123.1	NZ_CP034124.1	NZ_CP034125.1	NZ_CP034126.1	NZ_CP034127.1									
GCF_003856595	NZ_CP023839.1	NZ_CP023840.1	NZ_CP023841.1	NZ_CP023842.1	NZ_CP023843.1									
GCF_003931835	NZ_CP034249.1													
GCF_003932915	NZ_CP024707.1	NZ_CP024708.1	NZ_CP024709.1											
GCF_003934185	NZ_CP034281.1	NZ_CP034282.1	NZ_CP034283.1	NZ_CP034284.1										
GCF_003937135	NZ_CP078033.1	NZ_CP078034.1	NZ_CP078035.1	NZ_CP078036.1	NZ_CP078037.1									
GCF_003953905	NZ_CP026021.1	NZ_CP026022.1												
GCF_004006035	NZ_CP034760.1	NZ_CP034761.1	NZ_CP034762.1	NZ_CP034763.1	NZ_CP034764.1	NZ_CP034765.1								
GCF_004010995	NZ_CP025576.1	NZ_CP025577.1	NZ_CP025578.1	NZ_CP025579.1	NZ_CP025580.1									
GCF_004014965	NZ_CP025684.1	NZ_CP025683.1												
GCF_004118955	NZ_CP035383.1	NZ_CP035384.1												
GCF_004119955	NZ_CP026132.1	NZ_CP026133.1	NZ_CP026134.1	NZ_CP026135.1										
GCF_004119975	NZ_CP026136.1	NZ_CP026137.1	NZ_CP026138.1	NZ_CP026139.1										
GCF_004119995	NZ_CP026140.1	NZ_CP026141.1	NZ_CP026142.1											
GCF_004120035	NZ_CP026160.1	NZ_CP026161.1												
GCF_004120055	NZ_CP026162.1	NZ_CP026163.1												
GCF_004120075	NZ_CP026145.1	NZ_CP026146.1	NZ_CP026147.1	NZ_CP026148.1										
GCF_004120095	NZ_CP026149.1	NZ_CP026150.1	NZ_CP026151.1	NZ_CP026152.1										
GCF_004120115	NZ_CP026155.1	NZ_CP026156.1												
GCF_004120135	NZ_CP026159.1													
GCF_004120155	NZ_CP026164.1	NZ_CP026165.1	NZ_CP026166.1											
GCF_004120175	NZ_CP026157.1	NZ_CP026158.1												
GCF_004135795	NZ_CP034408.1	NZ_CP034406.1	NZ_CP034407.1											
GCF_004137665	NZ_CP035531.1													
GCF_004141975	NZ_CP035540.1	NZ_CP035536.1	NZ_CP035537.1	NZ_CP035538.1	NZ_CP035539.1									
GCF_004295385	NZ_CP036187.1	NZ_CP036188.1	NZ_CP036189.1											
GCF_004295405	NZ_CP036190.1	NZ_CP036196.1	NZ_CP036194.1	NZ_CP036193.1	NZ_CP036192.1	NZ_CP036197.1	NZ_CP036195.1	NZ_CP036198.1	NZ_CP036191.1					
GCF_004295605	NZ_CP035929.1													
GCF_004319525	NZ_CP036335.1	NZ_CP036337.1	NZ_CP036336.1	NZ_CP036338.1										
GCF_004322795	NZ_CP036365.1	NZ_CP036368.1	NZ_CP036369.1	NZ_CP036370.1	NZ_CP036367.1	NZ_CP036366.1								
GCF_004322955	NZ_CP036442.1	NZ_CP036443.1	NZ_CP036444.1	NZ_CP036445.1										
GCF_004322995	NZ_CP036438.1	NZ_CP036439.1	NZ_CP036440.1	NZ_CP036441.1										
GCF_004332075	NZ_CP034778.1	NZ_CP034777.1	NZ_CP034776.1											
GCF_004801235	NZ_CP031849.1	NZ_CP031850.1	NZ_CP031851.1	NZ_CP031852.1	NZ_CP031853.1									
GCF_004924315	NZ_CP037742.1	NZ_CP037744.1	NZ_CP037743.1											
GCF_005347525	NZ_CP037927.1													
GCF_005853785	NZ_CP040533.1	NZ_CP040535.1	NZ_CP040534.1	NZ_CP040536.1	NZ_CP040537.1	NZ_CP040538.1								
GCF_005854025	NZ_CP040545.1	NZ_CP040547.1	NZ_CP040546.1	NZ_CP040548.1	NZ_CP040549.1	NZ_CP040550.1								
GCF_005854245	NZ_CP040539.1	NZ_CP040540.1	NZ_CP040542.1	NZ_CP040543.1	NZ_CP040544.1	NZ_CP040541.1								
GCF_005885775	NZ_CP040593.1	NZ_CP040594.1	NZ_CP040596.1	NZ_CP040597.1	NZ_CP040599.1	NZ_CP040595.1	NZ_CP040598.1							
GCF_005944305	NZ_CP040724.1	NZ_CP040730.1	NZ_CP040731.1	NZ_CP040725.1	NZ_CP040727.1	NZ_CP040729.1	NZ_CP040728.1	NZ_CP040726.1						
GCF_006304565	NZ_CP032163.1	NZ_CP032164.1	NZ_CP032165.1	NZ_CP032166.1										
GCF_006364295	NZ_CP040993.1	NZ_CP040992.1	NZ_CP040994.1	NZ_CP040995.1	NZ_CP040996.1									
GCF_006459145	NZ_CP041082.1	NZ_CP041083.1	NZ_CP041084.1	NZ_CP041085.1	NZ_CP041086.1	NZ_CP041087.1	NZ_CP041088.1	NZ_CP041089.1						
GCF_006494895	NZ_CP033954.1	NZ_CP033955.1	NZ_CP033956.1	NZ_CP033957.1	NZ_CP033958.1	NZ_CP033959.1								
GCF_006494915	NZ_CP033960.1	NZ_CP033961.1	NZ_CP033962.1	NZ_CP033963.1	NZ_CP033964.1	NZ_CP033965.1								
GCF_006965405	NZ_CP041353.1	NZ_CP044030.1	NZ_CP044029.1											
GCF_006974165	NZ_CP040363.1	NZ_CP040362.1												
GCF_007197815	NZ_CP041644.1	NZ_CP041645.1												
GCF_007421865	NZ_CP054403.1	NZ_CP054401.1	NZ_CP054402.1											
GCF_007421875	NZ_CP054400.1	NZ_CP054398.1	NZ_CP054399.1											
GCF_007421885	NZ_CP054406.1	NZ_CP054404.1	NZ_CP054405.1											
GCF_007833555	NZ_CP030070.1	NZ_CP030066.1	NZ_CP030067.1	NZ_CP030068.1	NZ_CP030069.1									
GCF_007833575	NZ_CP030072.1	NZ_CP030071.1												
GCF_007873865	NZ_CP041639.1	NZ_CP041641.1	NZ_CP041640.1	NZ_CP041642.1										
GCF_007954925	NZ_CP082753.1	NZ_CP082755.1	NZ_CP082754.1	NZ_CP082756.1	NZ_CP082757.1	NZ_CP082758.1								
GCF_007955015	NZ_CP082759.1	NZ_CP082761.1	NZ_CP082760.1	NZ_CP082762.1	NZ_CP082763.1	NZ_CP082764.1								
GCF_007955105	NZ_CP082765.1	NZ_CP082767.1	NZ_CP082766.1	NZ_CP082768.1	NZ_CP082769.1	NZ_CP082770.1								
GCF_008065415	NZ_CP041927.1	NZ_CP041928.1	NZ_CP041929.1	NZ_CP041930.1	NZ_CP041931.1									
GCF_008121515	NZ_CP043047.1	NZ_CP043050.1	NZ_CP043048.1	NZ_CP043049.1										
GCF_008122285	NZ_CP041022.1													
GCF_008369685	NZ_CP043562.1													
GCF_008632415	NZ_CP043932.1	NZ_CP043933.1	NZ_CP043934.1	NZ_CP043935.1	NZ_CP043936.1									
GCF_008693405	NZ_CP044039.1	NZ_CP044035.1	NZ_CP044036.1	NZ_CP044037.1	NZ_CP044038.1	NZ_CP044040.1	NZ_CP044041.1	NZ_CP044042.1						
GCF_008693425	NZ_CP044033.1	NZ_CP044032.1	NZ_CP044034.1											
GCF_008693445	NZ_CP044047.1	NZ_CP044043.1	NZ_CP044044.1	NZ_CP044045.1	NZ_CP044046.1	NZ_CP044048.1								
GCF_008728415	NZ_CP044258.1	NZ_CP044259.1	NZ_CP044260.1											
GCF_008728695	NZ_CP041373.1	NZ_CP041374.1	NZ_CP041375.1	NZ_CP041376.1	NZ_CP041377.1	NZ_CP041378.1								
GCF_008931345	NZ_CP042481.1	NZ_CP042482.1	NZ_CP042483.1	NZ_CP042484.1	NZ_CP042485.1	NZ_CP042486.1	NZ_CP042487.1							
GCF_008931565	NZ_CP042520.1	NZ_CP042521.1	NZ_CP042522.1	NZ_CP042523.1										
GCF_009025895	NZ_CP045015.1	NZ_CP045016.1	NZ_CP045017.1	NZ_CP045018.1	NZ_CP045019.1	NZ_CP045020.1	NZ_CP045021.1	NZ_CP045022.1						
GCF_009387775	NZ_CP035202.1	NZ_CP035203.1	NZ_CP035206.1	NZ_CP035205.1	NZ_CP035204.1									
GCF_009387815	NZ_CP035210.1	NZ_CP035212.1	NZ_CP035211.1	NZ_CP035213.1										
GCF_009387915	NZ_CP035196.1	NZ_CP035198.1	NZ_CP035200.1	NZ_CP035199.1	NZ_CP035201.1	NZ_CP035197.1								
GCF_009387945	NZ_CP035194.1	NZ_CP035195.1												
GCF_009497695	NZ_CP026011.1	NZ_CP026012.1												
GCF_009497735	NZ_CP026017.1	NZ_CP026019.1	NZ_CP026018.1	NZ_CP026020.1										
GCF_009497755	NZ_CP026023.1	NZ_CP026024.1	NZ_CP026025.1											
GCF_009556655	NZ_CP045661.1	NZ_CP045662.1	NZ_CP045663.1											
GCF_009601745	NZ_CP045694.1	NZ_CP045691.1	NZ_CP045692.1	NZ_CP045693.1										
GCF_009648995	NZ_CP045782.1													
GCF_009660375	NZ_CP063011.1	NZ_CP063012.1												
GCF_009661415	NZ_CP062997.1	NZ_CP062998.1	NZ_CP062999.1	NZ_CP063000.1	NZ_CP063001.1	NZ_CP063002.1								
GCF_009661455	NZ_CP063003.1	NZ_CP063004.1	NZ_CP063005.1	NZ_CP063006.1	NZ_CP063007.1									
GCF_009661485	NZ_CP062986.1	NZ_CP062987.1	NZ_CP062988.1	NZ_CP062989.1	NZ_CP062990.1	NZ_CP062991.1								
GCF_009661535	NZ_CP063019.1	NZ_CP063020.1	NZ_CP063021.1	NZ_CP063022.1										
GCF_009661615	NZ_CP063008.1	NZ_CP063009.1	NZ_CP063010.1											
GCF_009661725	NZ_CP063023.1	NZ_CP063024.1												
GCF_009684575	NZ_CP034415.1	NZ_CP034418.1	NZ_CP034419.1	NZ_CP034417.1	NZ_CP034416.1									
GCF_009720445	NZ_CP041946.1	NZ_CP041947.1	NZ_CP041948.1	NZ_CP041949.1	NZ_CP041950.1	NZ_CP041951.1	NZ_CP041952.1	NZ_CP041953.1	NZ_CP041954.1					
GCF_009731405	NZ_AP021880.1													
GCF_009734105	NZ_CP046381.1	NZ_CP046382.1	NZ_CP046383.1	NZ_CP046385.1	NZ_CP046384.1									
GCF_009738595	NZ_CP058325.1	NZ_CP058329.1	NZ_CP058327.1	NZ_CP058326.1	NZ_CP058328.1									
GCF_009755705	NZ_CP046612.1	NZ_CP046613.1	NZ_CP046614.1											
GCF_009791475	NZ_CP046949.1	NZ_CP046950.1	NZ_CP046951.1	NZ_CP046953.1	NZ_CP046952.1									
GCF_009791495	NZ_CP046939.1	NZ_CP046940.1	NZ_CP046941.1	NZ_CP046943.1	NZ_CP046944.1	NZ_CP046945.1	NZ_CP046946.1	NZ_CP046947.1	NZ_CP046942.1					
GCF_009833945	NZ_CP047160.1	NZ_CP047162.1	NZ_CP047161.1											
GCF_009834285	NZ_CP032240.1	NZ_CP032241.1	NZ_CP032242.1	NZ_CP032243.1										
GCF_009856585	NZ_CP047192.1	NZ_CP047193.1	NZ_CP047194.1	NZ_CP047195.1	NZ_CP047196.1									
GCF_009867115	NZ_CP037928.1	NZ_CP037930.1	NZ_CP037929.1											
GCF_009884395	NZ_CP045193.1	NZ_CP045195.1	NZ_CP045194.1											
GCF_009884415	NZ_CP045674.1	NZ_CP045682.1	NZ_CP045683.1	NZ_CP045684.1	NZ_CP045685.1	NZ_CP045686.1	NZ_CP045675.1	NZ_CP045676.1	NZ_CP045677.1	NZ_CP045678.1	NZ_CP045679.1	NZ_CP045680.1	NZ_CP045681.1	
GCF_009906875	NZ_CP047649.1													
GCF_009906895	NZ_CP047648.1													
GCF_009909305	NZ_CP047677.1	NZ_CP047678.1												
GCF_009909325	NZ_CP047675.1	NZ_CP047676.1												
GCF_009914235	NZ_CP040122.1	NZ_CP040123.1	NZ_CP040124.1	NZ_CP040125.1										
GCF_009914255	NZ_CP040391.1													
GCF_009930975	NZ_CP030292.1	NZ_CP030293.1	NZ_CP030294.1	NZ_CP030295.1										
GCF_009930995	NZ_CP030296.1	NZ_CP030297.1	NZ_CP030298.1	NZ_CP030299.1										
GCF_009931015	NZ_CP030300.1	NZ_CP030301.1												
GCF_009931035	NZ_CP030302.1	NZ_CP030303.1	NZ_CP030304.1	NZ_CP030305.1	NZ_CP030306.1	NZ_CP030307.1	NZ_CP030308.1	NZ_CP030309.1	NZ_CP030310.1					
GCF_009931055	NZ_CP030313.1	NZ_CP030314.1												
GCF_009931075	NZ_CP030311.1	NZ_CP030312.1												
GCF_009931095	NZ_CP030315.1	NZ_CP030316.1												
GCF_009931175	NZ_CP030320.1	NZ_CP030321.1	NZ_CP030322.1											
GCF_010183645	NZ_CP039808.1	NZ_CP039809.1	NZ_CP039810.1	NZ_CP039811.1	NZ_CP039812.1									
GCF_010183685	NZ_CP039819.1	NZ_CP039820.1	NZ_CP039821.1	NZ_CP039822.1										
GCF_010367305	NZ_AP019665.1	NZ_AP019666.1	NZ_AP019667.1	NZ_AP019668.1										
GCF_010450855	NZ_CP048430.1													
GCF_010586985	NZ_CP040861.1	NZ_CP040859.1	NZ_CP040860.1	NZ_CP040862.1										
GCF_011006575	NZ_CP047633.1	NZ_CP047634.1	NZ_CP047635.1	NZ_CP047636.1	NZ_CP047637.1	NZ_CP047638.1								
GCF_011022255	NZ_CP048933.1													
GCF_011045595	NZ_CP042858.1													
GCF_011045775	NZ_CP047336.1	NZ_CP047339.1	NZ_CP047338.1	NZ_CP047337.1										
GCF_011065365	NZ_CP034321.1	NZ_CP034322.1												
GCF_011066505	NZ_CP045263.1	NZ_CP045265.1	NZ_CP045266.1	NZ_CP045264.1										
GCF_011068365	NZ_CP049604.1	NZ_CP049605.1												
GCF_011106605	NZ_CP040028.1	NZ_CP040031.1	NZ_CP040029.1	NZ_CP040030.1	NZ_CP040032.1									
GCF_011106775	NZ_CP040033.1	NZ_CP040036.1	NZ_CP040034.1	NZ_CP040035.1	NZ_CP040037.1									
GCF_011106795	NZ_CP040038.1	NZ_CP040039.1												
GCF_011129215	NZ_CP040023.1	NZ_CP040025.1	NZ_CP040024.1	NZ_CP040026.1	NZ_CP040027.1									
GCF_011742285	NZ_CP058940.1	NZ_CP058941.1	NZ_CP058942.1	NZ_CP058943.1	NZ_CP058944.1	NZ_CP058947.1	NZ_CP058945.1	NZ_CP058946.1						
GCF_011742415	NZ_CP053771.1	NZ_CP053775.1	NZ_CP053773.1	NZ_CP053779.1	NZ_CP053780.1	NZ_CP053774.1	NZ_CP053776.1	NZ_CP053777.1	NZ_CP053778.1	NZ_CP053772.1				
GCF_011742505	NZ_CP060421.1	NZ_CP060425.1	NZ_CP060423.1	NZ_CP060422.1	NZ_CP060424.1	NZ_CP060426.1	NZ_CP060428.1	NZ_CP060427.1						
GCF_011742515	NZ_CP054170.1	NZ_CP054172.1	NZ_CP054171.1											
GCF_011742585	NZ_CP053765.1	NZ_CP053769.1	NZ_CP053767.1	NZ_CP053768.1	NZ_CP053770.1	NZ_CP053766.1								
GCF_011752495	NZ_CP039524.1	NZ_CP039525.1	NZ_CP039526.1											
GCF_011764365	NZ_AP023337.1	NZ_AP023338.1	NZ_AP023339.1	NZ_AP023340.1	NZ_AP023341.1	NZ_AP023342.1								
GCF_011769725	NZ_CP050360.1	NZ_CP050366.1	NZ_CP050369.1	NZ_CP050361.1	NZ_CP050362.1	NZ_CP050363.1	NZ_CP050370.1	NZ_CP050364.1	NZ_CP050365.1	NZ_CP050367.1	NZ_CP050368.1			
GCF_011769805	NZ_CP050371.1	NZ_CP050372.1	NZ_CP050373.1	NZ_CP050374.1	NZ_CP050375.1									
GCF_011769825	NZ_CP050376.1	NZ_CP050377.1	NZ_CP050378.1	NZ_CP050379.1	NZ_CP050380.1	NZ_CP050381.1								
GCF_012029695	NZ_CP061389.1	NZ_CP061390.1	NZ_CP061391.1	NZ_CP061392.1	NZ_CP061393.1	NZ_CP061394.1	NZ_CP061395.1							
GCF_012029895	NZ_CP061380.1	NZ_CP061381.1	NZ_CP061382.1	NZ_CP061383.1	NZ_CP061384.1									
GCF_012029935	NZ_CP061404.1	NZ_CP061405.1	NZ_CP061406.1	NZ_CP061407.1										
GCF_012029945	NZ_CP061396.1	NZ_CP061397.1	NZ_CP061398.1											
GCF_012029975	NZ_CP061399.1	NZ_CP061400.1	NZ_CP061401.1	NZ_CP061402.1	NZ_CP061403.1									
GCF_012030545	NZ_CP061385.1	NZ_CP061386.1	NZ_CP061387.1	NZ_CP061388.1										
GCF_012113615	NZ_CP050822.1	NZ_CP050823.1	NZ_CP050824.1	NZ_CP050825.1										
GCF_012113635	NZ_CP050826.1	NZ_CP050827.1	NZ_CP050828.1											
GCF_012113655	NZ_CP050829.1	NZ_CP050830.1												
GCF_012166915	NZ_CP050834.1	NZ_CP050835.1	NZ_CP050836.1	NZ_CP050837.1	NZ_CP050838.1	NZ_CP050839.1								
GCF_012167075	NZ_CP050840.1	NZ_CP050841.1	NZ_CP050842.1											
GCF_012167215	NZ_CP050843.1	NZ_CP050844.1												
GCF_012167385	NZ_CP050845.1	NZ_CP050846.1	NZ_CP050847.1											
GCF_012168575	NZ_CP050858.1	NZ_CP050859.2	NZ_CP050860.1											
GCF_012169405	NZ_CP042977.1	NZ_CP042975.1	NZ_CP042976.1											
GCF_012944055	NZ_CP052036.1	NZ_CP052037.1												
GCF_013168295	NZ_AP023148.1	NZ_AP023149.1	NZ_AP023150.1	NZ_AP023151.1										
GCF_013282295	NZ_CP042882.1	NZ_CP042883.1	NZ_CP042884.1											
GCF_013283935	NZ_CP054063.1	NZ_CP054064.1												
GCF_013305305	NZ_CP054268.1	NZ_CP054265.1	NZ_CP054266.1	NZ_CP054267.1										
GCF_013305325	NZ_CP054303.1	NZ_CP054304.1	NZ_CP054305.1											
GCF_013348885	NZ_CP054762.1	NZ_CP054763.1	NZ_CP054764.1	NZ_CP054765.1	NZ_CP054766.1	NZ_CP054767.1								
GCF_013348905	NZ_CP054720.1	NZ_CP054721.1	NZ_CP054722.1	NZ_CP054723.1	NZ_CP054724.1	NZ_CP054725.1								
GCF_013348925	NZ_CP054756.1	NZ_CP054757.1	NZ_CP054758.1	NZ_CP054759.1	NZ_CP054760.1	NZ_CP054761.1								
GCF_013348945	NZ_CP054732.1	NZ_CP054733.1	NZ_CP054734.1	NZ_CP054735.1	NZ_CP054736.1	NZ_CP054737.1								
GCF_013348965	NZ_CP054726.1	NZ_CP054727.1	NZ_CP054728.1	NZ_CP054729.1	NZ_CP054730.1	NZ_CP054731.1								
GCF_013348985	NZ_CP054738.1	NZ_CP054739.1	NZ_CP054740.1	NZ_CP054741.1	NZ_CP054742.1	NZ_CP054743.1								
GCF_013349005	NZ_CP054744.1	NZ_CP054745.1	NZ_CP054746.1	NZ_CP054747.1	NZ_CP054748.1	NZ_CP054749.1								
GCF_013349025	NZ_CP054750.1	NZ_CP054751.1	NZ_CP054752.1	NZ_CP054753.1	NZ_CP054754.1	NZ_CP054755.1								
GCF_013349045	NZ_CP054768.1	NZ_CP054769.1	NZ_CP054770.1	NZ_CP054771.1	NZ_CP054772.1	NZ_CP054773.1								
GCF_013349065	NZ_CP054774.1	NZ_CP054775.1	NZ_CP054776.1	NZ_CP054777.1	NZ_CP054778.1	NZ_CP054779.1								
GCF_013349085	NZ_CP054780.1	NZ_CP054781.1	NZ_CP054782.1	NZ_CP054783.1	NZ_CP054784.1	NZ_CP054785.1								
GCF_013376535	NZ_CP051159.1	NZ_CP076548.1	NZ_CP076549.1	NZ_CP076550.1	NZ_CP076551.1	NZ_CP076552.1	NZ_CP076553.1	NZ_CP076554.1						
GCF_013376555	NZ_CP051160.1													
GCF_013376595	NZ_CP051161.1													
GCF_013378155	NZ_CP039936.1	NZ_CP039937.1	NZ_CP039938.1											
GCF_013378175	NZ_CP039939.1	NZ_CP039940.1	NZ_CP039941.1											
GCF_013378195	NZ_CP039942.1	NZ_CP039943.1	NZ_CP039944.1											
GCF_013378215	NZ_CP039945.1	NZ_CP039946.1	NZ_CP039947.1											
GCF_013378235	NZ_CP039948.1	NZ_CP039949.1	NZ_CP039950.1											
GCF_013378255	NZ_CP039951.1	NZ_CP039952.1	NZ_CP039953.1											
GCF_013378275	NZ_CP039954.1	NZ_CP039955.1	NZ_CP039956.1											
GCF_013378295	NZ_CP039957.1	NZ_CP039958.1	NZ_CP039959.1											
GCF_013378315	NZ_CP039960.1	NZ_CP039961.1	NZ_CP039962.1											
GCF_013407605	NZ_CP042309.1													
GCF_013407715	NZ_CP042310.1													
GCF_013407825	NZ_CP042311.1													
GCF_013408255	NZ_CP042314.1													
GCF_013408385	NZ_CP042315.1													
GCF_013408625	NZ_CP042317.1													
GCF_013408755	NZ_CP042318.1													
GCF_013409055	NZ_CP042320.1													
GCF_013409165	NZ_CP042321.1													
GCF_013416035	NZ_CP049716.1	NZ_CP049717.1	NZ_CP049718.1											
GCF_013416055	NZ_CP049719.1	NZ_CP049720.1												
GCF_013416085	NZ_CP049947.1	NZ_CP049949.1	NZ_CP049948.1											
GCF_013416105	NZ_CP049950.1	NZ_CP049952.1	NZ_CP049951.1											
GCF_013416125	NZ_CP049953.1	NZ_CP049955.1	NZ_CP049954.1											
GCF_013423825	NZ_CP058960.1	NZ_CP058961.1	NZ_CP058966.1	NZ_CP058965.1	NZ_CP058964.1	NZ_CP058963.1	NZ_CP058962.1							
GCF_013426775	NZ_AP023264.1	NZ_AP023265.1	NZ_AP023266.1	NZ_AP023267.1										
GCF_013611495	NZ_CP055509.1	NZ_CP055510.1	NZ_CP055511.1	NZ_CP055512.1	NZ_CP055513.1	NZ_CP055514.1	NZ_CP055515.1	NZ_CP055516.1						
GCF_013694405	NZ_CP059312.1	NZ_CP059311.1	NZ_CP059310.1	NZ_CP059309.1	NZ_CP059308.1	NZ_CP059307.1	NZ_CP059306.1	NZ_CP059305.1						
GCF_013694425	NZ_CP059317.1	NZ_CP059316.1	NZ_CP059315.1	NZ_CP059314.1	NZ_CP059313.1									
GCF_013704985	NZ_CP055451.1	NZ_CP055453.1	NZ_CP055452.1	NZ_CP055454.1	NZ_CP055455.1	NZ_CP055456.1	NZ_CP055457.1							
GCF_013724605	NZ_CP056222.1	NZ_CP056223.1	NZ_CP056224.1	NZ_CP056225.1	NZ_CP056226.1	NZ_CP056227.1	NZ_CP056228.1							
GCF_013729075	NZ_CP056275.1	NZ_CP056276.1	NZ_CP056277.1											
GCF_013730675	NZ_CP056297.1	NZ_CP056298.1												
GCF_013731305	NZ_CP056301.1	NZ_CP056302.1	NZ_CP056303.1											
GCF_013731735	NZ_CP056307.1	NZ_CP056308.1	NZ_CP056309.1	NZ_CP056310.1	NZ_CP056311.1	NZ_CP056312.1	NZ_CP056313.1							
GCF_013734035	NZ_CP056372.1	NZ_CP056373.1	NZ_CP056374.1	NZ_CP056375.1	NZ_CP056376.1	NZ_CP056377.1	NZ_CP056378.1	NZ_CP056379.1	NZ_CP056380.1					
GCF_013735155	NZ_CP056385.1	NZ_CP056386.1	NZ_CP056387.1	NZ_CP056388.1	NZ_CP056389.1	NZ_CP056390.1	NZ_CP056391.1							
GCF_013735895	NZ_CP056425.1	NZ_CP056426.1	NZ_CP056427.1	NZ_CP056428.1	NZ_CP056429.1	NZ_CP056430.1	NZ_CP056431.1							
GCF_013736155	NZ_CP056432.1	NZ_CP056433.1	NZ_CP056434.1	NZ_CP056435.1	NZ_CP056436.1	NZ_CP056437.1	NZ_CP056438.1	NZ_CP056439.1	NZ_CP056440.1					
GCF_013737695	NZ_CP056530.1	NZ_CP056531.1	NZ_CP056532.1	NZ_CP056533.1	NZ_CP056534.1	NZ_CP056535.1	NZ_CP056536.1	NZ_CP056537.1	NZ_CP056538.1					
GCF_013745295	NZ_CP056329.1	NZ_CP056330.1	NZ_CP056331.1	NZ_CP056332.1										
GCF_013782105	NZ_CP056191.1	NZ_CP056192.1	NZ_CP056193.1	NZ_CP056194.1	NZ_CP056195.1	NZ_CP056196.1	NZ_CP056197.1	NZ_CP056198.1						
GCF_013783245	NZ_CP056216.1	NZ_CP056217.1	NZ_CP056218.1											
GCF_013791265	NZ_CP056830.1	NZ_CP056831.1	NZ_CP056832.1	NZ_CP056833.1										
GCF_013792545	NZ_CP056854.1	NZ_CP056855.1	NZ_CP056856.1	NZ_CP056857.1	NZ_CP056858.1	NZ_CP056859.1	NZ_CP056860.1							
GCF_013796245	NZ_CP056878.1	NZ_CP056879.1	NZ_CP056880.1	NZ_CP056881.1	NZ_CP056882.1									
GCF_013796485	NZ_CP056883.1	NZ_CP056884.1	NZ_CP056885.1	NZ_CP056886.1	NZ_CP056887.1									
GCF_013805705	NZ_CP057034.1	NZ_CP057035.1	NZ_CP057036.1	NZ_CP057037.1										
GCF_013811445	NZ_CP057066.1	NZ_CP057067.1	NZ_CP057068.1											
GCF_013811845	NZ_CP057069.1	NZ_CP057070.1	NZ_CP057071.1											
GCF_013813035	NZ_CP057099.1	NZ_CP057100.1												
GCF_013826045	NZ_CP057313.1	NZ_CP057314.1	NZ_CP057315.1	NZ_CP057316.1	NZ_CP057317.1	NZ_CP057318.1								
GCF_013834745	NZ_CP057459.1	NZ_CP057460.1	NZ_CP057461.1	NZ_CP057462.1										
GCF_013895695	NZ_CP057722.1	NZ_CP057723.1	NZ_CP057724.1											
GCF_014041505	NZ_CP066534.1	NZ_CP066537.1	NZ_CP066538.1	NZ_CP066536.1	NZ_CP066535.1									
GCF_014041645	NZ_CP066528.1	NZ_CP066531.1	NZ_CP066532.1	NZ_CP066529.1	NZ_CP066530.1	NZ_CP066533.1								
GCF_014041735	NZ_CP066523.1	NZ_CP066525.1	NZ_CP066526.1	NZ_CP066524.1	NZ_CP066527.1									
GCF_014041845	NZ_CP066517.1	NZ_CP066520.1	NZ_CP066521.1	NZ_CP066518.1	NZ_CP066519.1	NZ_CP066522.1								
GCF_014123345	NZ_CP059889.1	NZ_CP059892.1	NZ_CP059891.1	NZ_CP059890.1										
GCF_014168575	NZ_AP021909.1	NZ_AP021910.1	NZ_AP021911.1	NZ_AP021912.1	NZ_AP021913.1									
GCF_014168655	NZ_AP021929.1	NZ_AP021930.1	NZ_AP021931.1	NZ_AP021932.1										
GCF_014169335	NZ_AP022139.1	NZ_AP022140.1	NZ_AP022141.1											
GCF_014170015	NZ_CP054285.1	NZ_CP054287.1	NZ_CP054286.1	NZ_CP054288.1										
GCF_014170935	NZ_AP022078.1	NZ_AP022079.1	NZ_AP022080.1	NZ_AP022081.1	NZ_AP022082.1	NZ_AP022083.1	NZ_AP022084.1							
GCF_014189335	NZ_CP047271.1	NZ_CP047272.1												
GCF_014304835	NZ_CP060281.1	NZ_CP060282.1	NZ_CP060283.1	NZ_CP060284.1										
GCF_014361115	NZ_CP060744.1	NZ_CP060747.1	NZ_CP060745.1	NZ_CP060746.1										
GCF_014490685	NZ_CP072905.1	NZ_CP072907.1	NZ_CP072908.1	NZ_CP072906.1										
GCF_014495765	NZ_CP061053.1	NZ_CP061054.1	NZ_CP061055.1	NZ_CP061056.1	NZ_CP061057.1	NZ_CP061058.1	NZ_CP061059.1	NZ_CP061060.1	NZ_CP061061.1					
GCF_014495785	NZ_CP061062.1	NZ_CP061063.1	NZ_CP061064.1	NZ_CP061065.1	NZ_CP061066.1	NZ_CP061067.1	NZ_CP061068.1	NZ_CP061069.1	NZ_CP061070.1					
GCF_014524525	NZ_CP053035.1	NZ_CP053036.1	NZ_CP053037.1	NZ_CP053038.1	NZ_CP053039.1	NZ_CP053040.1	NZ_CP053041.1							
GCF_014725775	NZ_CP061350.1	NZ_CP061351.1	NZ_CP061352.1	NZ_CP061353.1										
GCF_014764345	NZ_CP061700.1	NZ_CP061702.1	NZ_CP061701.1											
GCF_014788765	NZ_CP061832.1	NZ_CP061833.1	NZ_CP061834.1											
GCF_014826045	NZ_CP060049.1	NZ_CP060050.1	NZ_CP060051.1											
GCF_014840955	NZ_CP061842.1	NZ_CP061843.1												
GCF_014854815	NZ_CP031934.1	NZ_CP031935.1	NZ_CP031936.1	NZ_CP031937.1										
GCF_014883955	NZ_CP062792.1	NZ_CP062793.1	NZ_CP062794.1											
GCF_014905815	NZ_AP023453.1	NZ_AP023454.1	NZ_AP023455.1	NZ_AP023456.1	NZ_AP023457.1	NZ_AP023458.1								
GCF_014961485	NZ_CP063147.1	NZ_CP063148.1	NZ_CP063149.1	NZ_CP063146.1										
GCF_015022235	NZ_CP066543.1	NZ_CP066542.1	NZ_CP066544.1											
GCF_015024285	NZ_CP065034.1	NZ_CP065035.1												
GCF_015074925	NZ_CP063277.1	NZ_CP063279.1	NZ_CP063278.1	NZ_CP063280.1										
GCF_015138775	NZ_AP022527.1	NZ_AP022528.1	NZ_AP022529.1	NZ_AP022530.1	NZ_AP022531.1	NZ_AP022532.1								
GCF_015219805	NZ_CP063215.1	NZ_CP063216.1	NZ_CP063217.1	NZ_CP063218.1										
GCF_015238555	NZ_CP063747.1	NZ_CP063749.1	NZ_CP063748.1	NZ_CP063746.1										
GCF_015238655	NZ_CP050336.1	NZ_CP050337.1	NZ_CP050338.1	NZ_CP050339.1	NZ_CP050340.1	NZ_CP050341.1								
GCF_015238895	NZ_CP050342.1	NZ_CP050343.1	NZ_CP050344.1	NZ_CP050345.1	NZ_CP050346.1	NZ_CP050347.1								
GCF_015239135	NZ_CP050348.1	NZ_CP050349.1	NZ_CP050350.1	NZ_CP050351.1	NZ_CP050352.1	NZ_CP050353.1								
GCF_015239295	NZ_CP050354.1	NZ_CP050355.1	NZ_CP050356.1	NZ_CP050357.1	NZ_CP050358.1	NZ_CP050359.1								
GCF_015243235	NZ_CP063759.1	NZ_CP063761.1	NZ_CP063760.1	NZ_CP063762.1	NZ_CP063763.1	NZ_CP063764.1	NZ_CP063765.1							
GCF_015277755	NZ_CP063833.1	NZ_CP063834.1	NZ_CP063835.1	NZ_CP063836.1	NZ_CP063837.1	NZ_CP063838.1								
GCF_015277915	NZ_CP063858.1	NZ_CP063859.1	NZ_CP063860.1	NZ_CP063861.1	NZ_CP063862.1									
GCF_015277935	NZ_CP063856.1	NZ_CP063857.1												
GCF_015277955	NZ_CP063851.1	NZ_CP063852.1	NZ_CP063853.1	NZ_CP063854.1	NZ_CP063855.1									
GCF_015277975	NZ_CP063863.1	NZ_CP063864.1												
GCF_015277995	NZ_CP063865.1	NZ_CP063866.1												
GCF_015278055	NZ_CP063871.1	NZ_CP063872.1	NZ_CP063873.1											
GCF_015278095	NZ_CP063881.1	NZ_CP063882.1	NZ_CP063883.1	NZ_CP063884.1										
GCF_015283665	NZ_CP063904.1	NZ_CP063905.1												
GCF_015283885	NZ_CP063885.1	NZ_CP063886.1												
GCF_015284665	NZ_CP063890.1	NZ_CP063891.1												
GCF_015284925	NZ_CP063927.1	NZ_CP063928.1	NZ_CP063929.1											
GCF_015285145	NZ_CP063930.1	NZ_CP063931.1												
GCF_015286225	NZ_CP063906.1	NZ_CP063907.1												
GCF_015286445	NZ_CP063908.1	NZ_CP063909.1												
GCF_015287605	NZ_CP063913.1	NZ_CP063914.1												
GCF_015288205	NZ_CP063919.1	NZ_CP063920.1												
GCF_015288605	NZ_CP063922.1	NZ_CP063923.1	NZ_CP063924.1											
GCF_015289145	NZ_CP063925.1													
GCF_015289545	NZ_CP063934.1	NZ_CP063935.1												
GCF_015289765	NZ_CP063943.1	NZ_CP063944.1												
GCF_015289985	NZ_CP063939.1	NZ_CP063940.1	NZ_CP063941.1											
GCF_015290145	NZ_CP063936.1	NZ_CP063937.1	NZ_CP063938.1											
GCF_015290925	NZ_CP063945.1	NZ_CP063946.1	NZ_CP063947.1	NZ_CP063948.1	NZ_CP063949.1									
GCF_015290985	NZ_CP028850.1	NZ_CP028853.1	NZ_CP028855.1	NZ_CP028856.1	NZ_CP028857.1	NZ_CP028854.1	NZ_CP028851.1	NZ_CP028852.1						
GCF_015338385	NZ_CP064129.1	NZ_CP064130.1	NZ_CP064131.1	NZ_CP064132.1										
GCF_015353095	NZ_CP064174.1	NZ_CP064175.1	NZ_CP064179.1	NZ_CP064177.1	NZ_CP064176.1	NZ_CP064178.1								
GCF_015355835	NZ_CP064205.1	NZ_CP064206.1	NZ_CP064207.1											
GCF_015355855	NZ_CP064208.1	NZ_CP064209.1	NZ_CP064210.1											
GCF_015355875	NZ_CP064258.1	NZ_CP064259.1	NZ_CP064260.1	NZ_CP064261.1	NZ_CP064262.1									
GCF_015355895	NZ_CP064211.1	NZ_CP064212.1	NZ_CP064213.1	NZ_CP064214.1	NZ_CP064215.1	NZ_CP064216.1								
GCF_015355915	NZ_CP064223.1	NZ_CP064224.1	NZ_CP064225.1	NZ_CP064226.1	NZ_CP064227.1	NZ_CP064228.1								
GCF_015355935	NZ_CP064217.1	NZ_CP064218.1	NZ_CP064219.1	NZ_CP064220.1	NZ_CP064221.1	NZ_CP064222.1								
GCF_015355955	NZ_CP064229.1	NZ_CP064230.1	NZ_CP064231.1											
GCF_015355975	NZ_CP064232.1	NZ_CP064233.1	NZ_CP064234.1											
GCF_015355995	NZ_CP064235.1	NZ_CP064236.1	NZ_CP064237.1	NZ_CP064238.1	NZ_CP064239.1	NZ_CP064240.1								
GCF_015356015	NZ_CP064241.1	NZ_CP064242.1	NZ_CP064243.1	NZ_CP064244.1	NZ_CP064245.1									
GCF_015356035	NZ_CP064246.1	NZ_CP064247.1	NZ_CP064248.1	NZ_CP064249.1	NZ_CP064250.1	NZ_CP064251.1								
GCF_015356055	NZ_CP064252.1	NZ_CP064253.1	NZ_CP064254.1	NZ_CP064255.1	NZ_CP064256.1	NZ_CP064257.1								
GCF_015694065	NZ_CP065172.1	NZ_CP065173.1	NZ_CP065174.1	NZ_CP065175.1	NZ_CP065176.1									
GCF_015694085	NZ_CP065167.1	NZ_CP065168.1	NZ_CP065169.1	NZ_CP065170.1	NZ_CP065171.1									
GCF_015774895	NZ_CP065341.1	NZ_CP065342.1												
GCF_015774955	NZ_CP065347.1	NZ_CP065348.1	NZ_CP065349.1	NZ_CP065350.1										
GCF_015775135	NZ_CP065343.1	NZ_CP065344.1	NZ_CP065345.1	NZ_CP065346.1										
GCF_015775275	NZ_CP065351.1	NZ_CP065352.1												
GCF_015832035	NZ_CP065401.1	NZ_CP065402.1												
GCF_015910145	NZ_CP047700.1	NZ_CP047701.1	NZ_CP047702.1	NZ_CP047703.1	NZ_CP047704.1	NZ_CP047705.1	NZ_CP047706.1							
GCF_015910165	NZ_CP047707.1	NZ_CP047708.1	NZ_CP047709.1											
GCF_015992265	NZ_CP065444.1	NZ_CP065445.1	NZ_CP065446.1											
GCF_015992285	NZ_CP065457.1	NZ_CP065458.1	NZ_CP065459.1											
GCF_015992305	NZ_CP065460.1	NZ_CP065461.1	NZ_CP065462.1	NZ_CP065463.1										
GCF_015992325	NZ_CP065464.1	NZ_CP065465.1	NZ_CP065466.1											
GCF_015992345	NZ_CP065436.1	NZ_CP065437.1												
GCF_015992385	NZ_CP065438.1	NZ_CP065439.1	NZ_CP065440.1											
GCF_015992405	NZ_CP065441.1	NZ_CP065442.1	NZ_CP065443.1											
GCF_015992425	NZ_CP065447.1	NZ_CP065450.1	NZ_CP065451.1	NZ_CP065452.1	NZ_CP065448.1	NZ_CP065449.1								
GCF_016066025	NZ_CP065825.1	NZ_CP065826.1	NZ_CP065827.1	NZ_CP065828.1	NZ_CP065829.1	NZ_CP065830.1								
GCF_016066295	NZ_CP065831.1	NZ_CP065832.1												
GCF_016066475	NZ_CP065833.1	NZ_CP065834.1	NZ_CP065835.1	NZ_CP065836.1	NZ_CP065837.1									
GCF_016067835	NZ_CP065453.1	NZ_CP065454.1	NZ_CP065455.1	NZ_CP065456.1										
GCF_016071735	NZ_CP064352.1													
GCF_016403065	NZ_CP066249.1	NZ_CP066250.1	NZ_CP066251.1	NZ_CP066253.1	NZ_CP066252.1									
GCF_016403085	NZ_CP066254.1	NZ_CP066255.1	NZ_CP066256.1	NZ_CP066258.1	NZ_CP066259.1	NZ_CP066257.1								
GCF_016629585	NZ_AP024173.1	NZ_AP024174.1	NZ_AP024175.1	NZ_AP024176.1	NZ_AP024177.1	NZ_AP024178.1	NZ_AP024179.1	NZ_AP024180.1						
GCF_016694775	NZ_CP068033.1													
GCF_016727425	NZ_CP068139.1	NZ_CP068140.1	NZ_CP068141.1	NZ_CP068142.1										
GCF_016772535	NZ_CP068602.1	NZ_CP068605.1	NZ_CP068608.1	NZ_CP068603.1	NZ_CP068604.1	NZ_CP068606.1	NZ_CP068607.1	NZ_CP068609.1						
GCF_016772555	NZ_CP068610.1	NZ_CP068611.1	NZ_CP068612.1	NZ_CP068613.1										
GCF_016772575	NZ_CP068614.1	NZ_CP068615.1	NZ_CP068616.1	NZ_CP068617.1										
GCF_016772595	NZ_CP068618.1	NZ_CP068619.1	NZ_CP068620.1	NZ_CP068621.1										
GCF_016774435	NZ_CP068689.1	NZ_CP068690.1	NZ_CP068691.1	NZ_CP068692.1	NZ_CP068693.1									
GCF_016774455	NZ_CP068684.1	NZ_CP068685.1	NZ_CP068686.1	NZ_CP068687.1	NZ_CP068688.1									
GCF_016780025	NZ_CP068797.1													
GCF_016780145	NZ_CP068798.1													
GCF_016800965	NZ_CP068972.1	NZ_CP068973.1	NZ_CP068974.1	NZ_CP068975.1	NZ_CP068976.1									
GCF_016801375	NZ_CP069046.1	NZ_CP069047.1	NZ_CP069048.1	NZ_CP069049.1	NZ_CP069051.1	NZ_CP069050.1								
GCF_016804025	NZ_CP053016.1	NZ_CP053017.1	NZ_CP053018.1	NZ_CP053019.1	NZ_CP053020.1									
GCF_016812055	NZ_CP069170.1	NZ_CP069171.1	NZ_CP069172.1	NZ_CP069173.1	NZ_CP069176.1	NZ_CP069174.1	NZ_CP069175.1							
GCF_016864395	NZ_CP017777.1	NZ_CP017778.1	NZ_CP017779.1											
GCF_016903115	NZ_CP069828.1	NZ_CP069833.1	NZ_CP069829.1	NZ_CP069834.1	NZ_CP069830.1	NZ_CP069835.1	NZ_CP069831.1	NZ_CP069832.1	NZ_CP069836.1	NZ_CP069838.1	NZ_CP069839.1	NZ_CP069837.1		
GCF_016903155	NZ_CP069821.1	NZ_CP069822.1	NZ_CP069825.1	NZ_CP069826.1	NZ_CP069823.1	NZ_CP069824.1	NZ_CP069827.1							
GCF_016903195	NZ_CP069847.1	NZ_CP069844.1	NZ_CP069845.1	NZ_CP069846.1	NZ_CP069848.1	NZ_CP069849.1	NZ_CP069850.1							
GCF_016903235	NZ_CP069853.1	NZ_CP069854.1	NZ_CP069855.1	NZ_CP069860.1	NZ_CP069856.1	NZ_CP069857.1	NZ_CP069858.1	NZ_CP069859.1						
GCF_016903255	NZ_CP069861.1	NZ_CP069862.1	NZ_CP069863.1											
GCF_016903295	NZ_CP069873.1	NZ_CP069875.1	NZ_CP069874.1	NZ_CP069878.1	NZ_CP069876.1	NZ_CP069879.1	NZ_CP069880.1	NZ_CP069877.1	NZ_CP069881.1					
GCF_016903395	NZ_CP069907.1	NZ_CP069901.1	NZ_CP069902.1	NZ_CP069903.1	NZ_CP069904.1	NZ_CP069905.1	NZ_CP069906.1	NZ_CP069908.1	NZ_CP069909.1					
GCF_016903455	NZ_CP069939.1													
GCF_016903475	NZ_CP070172.1	NZ_CP070173.1	NZ_CP070174.1	NZ_CP070175.1	NZ_CP070176.1									
GCF_016903495	NZ_CP069940.1	NZ_CP069941.1												
GCF_016903515	NZ_CP070177.1	NZ_CP070178.1	NZ_CP070185.1	NZ_CP070187.1	NZ_CP070183.1	NZ_CP070180.1	NZ_CP070184.1	NZ_CP070186.1	NZ_CP070179.1	NZ_CP070181.1	NZ_CP070188.1	NZ_CP070189.1	NZ_CP070190.1	NZ_CP070182.1
GCF_016903735	NZ_CP069946.1	NZ_CP069947.1	NZ_CP069948.1	NZ_CP069949.1										
GCF_016903755	NZ_CP069961.1													
GCF_016903775	NZ_CP069962.1	NZ_CP069963.1	NZ_CP069964.1	NZ_CP069965.1	NZ_CP069966.1									
GCF_016903795	NZ_CP069968.1	NZ_CP069967.1	NZ_CP069969.1											
GCF_016903875	NZ_CP069992.1	NZ_CP069993.1												
GCF_016903895	NZ_CP069994.1	NZ_CP069995.1												
GCF_016903955	NZ_CP070015.1	NZ_CP070016.1	NZ_CP070017.1	NZ_CP070018.1	NZ_CP070019.1									
GCF_016904035	NZ_CP070037.1	NZ_CP070038.1	NZ_CP070039.1	NZ_CP070040.1										
GCF_016904095	NZ_CP070046.1	NZ_CP070047.1												
GCF_016904275	NZ_CP070087.1	NZ_CP070083.1	NZ_CP070086.1	NZ_CP070084.1	NZ_CP070082.1	NZ_CP070085.1								
GCF_016904295	NZ_CP070088.1	NZ_CP070089.1	NZ_CP070090.1	NZ_CP070091.1										
GCF_016904315	NZ_CP070092.1	NZ_CP070093.1	NZ_CP070094.1											
GCF_016904415	NZ_CP070105.1	NZ_CP070106.1	NZ_CP070107.1	NZ_CP070108.1	NZ_CP070109.1	NZ_CP070110.1								
GCF_016904595	NZ_CP070158.1	NZ_CP070159.1	NZ_CP070160.1	NZ_CP070161.1										
GCF_016904635	NZ_CP070169.1													
GCF_016925215	NZ_CP070410.1	NZ_CP070411.1	NZ_CP070412.1	NZ_CP070413.1	NZ_CP070414.1									
GCF_016925235	NZ_CP070415.1	NZ_CP070416.1	NZ_CP070417.1	NZ_CP070418.1	NZ_CP070419.1									
GCF_016925275	NZ_CP070425.1	NZ_CP070426.1	NZ_CP070427.1	NZ_CP070428.1	NZ_CP070429.1									
GCF_016925295	NZ_CP070430.1	NZ_CP070431.1	NZ_CP070432.1	NZ_CP070433.1	NZ_CP070434.1									
GCF_016925315	NZ_CP070435.1	NZ_CP070436.1	NZ_CP070437.1	NZ_CP070438.1	NZ_CP070439.1									
GCF_016925355	NZ_CP070445.1	NZ_CP070446.1	NZ_CP070447.1	NZ_CP070448.1										
GCF_016925375	NZ_CP070449.1	NZ_CP070450.1	NZ_CP070451.1	NZ_CP070452.1	NZ_CP070453.1									
GCF_016925415	NZ_CP070459.1	NZ_CP070460.1	NZ_CP070461.1	NZ_CP070462.1	NZ_CP070463.1									
GCF_016925435	NZ_CP070464.1	NZ_CP070465.1	NZ_CP070466.1											
GCF_016939535	NZ_CP070528.1	NZ_CP070527.1	NZ_CP070529.1	NZ_CP070526.1	NZ_CP070525.1									
GCF_016939675	NZ_CP070564.1	NZ_CP070563.1	NZ_CP070562.1	NZ_CP070561.1	NZ_CP070560.1									
GCF_016939695	NZ_CP070568.1	NZ_CP070567.1	NZ_CP070566.1	NZ_CP070565.1										
GCF_016939755	NZ_CP070579.1	NZ_CP070578.1	NZ_CP070577.1	NZ_CP070576.1										
GCF_016939775	NZ_CP070586.1	NZ_CP070585.1	NZ_CP070584.1	NZ_CP070583.1	NZ_CP070582.1	NZ_CP070581.1	NZ_CP070580.1							
GCF_016939815	NZ_CP070598.1	NZ_CP070597.1	NZ_CP070596.1	NZ_CP070595.1	NZ_CP070594.1									
GCF_016939835	NZ_CP070602.1	NZ_CP070601.1	NZ_CP070600.1	NZ_CP070599.1										
GCF_017084505	NZ_CP070898.1	NZ_CP070899.1	NZ_CP070900.1	NZ_CP070901.1										
GCF_017086485	NZ_CP070970.1	NZ_CP070971.1	NZ_CP070972.1											
GCF_017277455	NZ_CP071150.1													
GCF_017301375	NZ_CP071279.1	NZ_CP071282.1	NZ_CP071283.1	NZ_CP071284.1	NZ_CP071280.1	NZ_CP071281.1								
GCF_017310305	NZ_CP061948.1	NZ_CP061949.1	NZ_CP061950.1	NZ_CP061951.1										
GCF_017310325	NZ_CP061952.1	NZ_CP061953.1	NZ_CP061954.1	NZ_CP061955.1	NZ_CP061956.1									
GCF_017310345	NZ_CP061957.1	NZ_CP061958.1	NZ_CP061959.1	NZ_CP061960.1										
GCF_017310365	NZ_CP061961.1	NZ_CP061962.1	NZ_CP061963.1	NZ_CP061964.1										
GCF_017310385	NZ_CP061965.1	NZ_CP061966.1	NZ_CP061967.1	NZ_CP061968.1	NZ_CP061969.1									
GCF_017310405	NZ_CP061970.1	NZ_CP061971.1	NZ_CP061972.1	NZ_CP061973.1	NZ_CP061974.1									
GCF_017310425	NZ_CP061975.1	NZ_CP061976.1	NZ_CP061977.1	NZ_CP061978.1	NZ_CP061979.1									
GCF_017310565	NZ_CP068572.1	NZ_CP068573.1	NZ_CP068575.1	NZ_CP068574.1										
GCF_017315205	NZ_CP071324.1	NZ_CP071323.1												
GCF_017351975	NZ_CP071464.1													
GCF_017357925	NZ_CP071385.1	NZ_CP071386.1	NZ_CP071387.1											
GCF_017639065	NZ_CP067255.1	NZ_CP067256.1	NZ_CP067257.1	NZ_CP067258.1	NZ_CP067259.1	NZ_CP067260.1								
GCF_017742895	NZ_CP072422.1	NZ_CP072423.1	NZ_CP072424.1											
GCF_017742915	NZ_CP072408.1	NZ_CP072409.1	NZ_CP072410.1	NZ_CP072411.1	NZ_CP072412.1									
GCF_017742935	NZ_CP072413.1	NZ_CP072414.1	NZ_CP072415.1	NZ_CP072416.1	NZ_CP072417.1	NZ_CP072418.1	NZ_CP072419.1	NZ_CP072420.1	NZ_CP072421.1					
GCF_017742955	NZ_CP072403.1	NZ_CP072404.1	NZ_CP072405.1	NZ_CP072406.1	NZ_CP072407.1									
GCF_017743095	NZ_CP072492.1	NZ_CP072493.1												
GCF_017743115	NZ_CP072494.1	NZ_CP072495.1												
GCF_017743135	NZ_CP072496.1	NZ_CP072497.1	NZ_CP072498.1	NZ_CP072499.1										
GCF_017809835	NZ_CP072463.1	NZ_CP072464.1	NZ_CP072465.1	NZ_CP072466.1										
GCF_017815715	NZ_CP072653.1	NZ_CP072654.1												
GCF_017815795	NZ_CP051490.1	NZ_CP051491.1	NZ_CP051492.1											
GCF_017894285	NZ_CP058358.1	NZ_CP058359.1	NZ_CP058360.1											
GCF_017894305	NZ_CP058361.1	NZ_CP058362.1	NZ_CP058363.1											
GCF_017916195	NZ_CP072825.1													
GCF_017916215	NZ_CP072826.1													
GCF_018069685	NZ_CP072938.1	NZ_CP072940.1	NZ_CP072939.1											
GCF_018075085	NZ_CP072949.1	NZ_CP072950.1	NZ_CP072951.1	NZ_CP072952.1										
GCF_018075325	NZ_CP072996.1	NZ_CP072998.1	NZ_CP072997.1	NZ_CP073001.1	NZ_CP073000.1	NZ_CP072999.1								
GCF_018128445	NZ_CP071080.1	NZ_CP071081.1	NZ_CP071082.1	NZ_CP071083.1	NZ_CP071084.1	NZ_CP071085.1								
GCF_018128465	NZ_CP071086.1	NZ_CP071087.1	NZ_CP071088.1	NZ_CP071089.1										
GCF_018138305	NZ_CP082791.1	NZ_CP082792.1	NZ_CP082793.1	NZ_CP082795.1	NZ_CP082794.1									
GCF_018140905	NZ_CP073302.1	NZ_CP073304.1	NZ_CP073303.1											
GCF_018278725	NZ_CP073782.1													
GCF_018279185	NZ_CP047595.1	NZ_CP047597.1	NZ_CP047596.1											
GCF_018279325	NZ_CP065949.1	NZ_CP065950.1	NZ_CP065951.1	NZ_CP065952.1	NZ_CP065953.1	NZ_CP065954.1								
GCF_018283505	NZ_CP084397.1	NZ_CP084394.1	NZ_CP084396.1	NZ_CP084395.1										
GCF_018310495	NZ_CP074087.1	NZ_CP074089.1	NZ_CP074091.1	NZ_CP074088.1	NZ_CP074090.1									
GCF_018314115	NZ_CP073906.1	NZ_CP073907.1	NZ_CP073908.1	NZ_CP073909.1										
GCF_018314145	NZ_CP074116.1	NZ_CP074117.1	NZ_CP074118.1	NZ_CP074119.1										
GCF_018336835	NZ_CP055294.1	NZ_CP055295.1	NZ_CP055296.1	NZ_CP055297.1	NZ_CP055298.1	NZ_CP055299.1	NZ_CP055300.1	NZ_CP055301.1						
GCF_018394355	NZ_CP074580.1	NZ_CP074581.1	NZ_CP074582.1	NZ_CP074583.1										
GCF_018449045	NZ_CP075256.1	NZ_CP075258.1	NZ_CP075261.1	NZ_CP075260.1	NZ_CP075259.1	NZ_CP075257.1								
GCF_018449065	NZ_CP075286.1	NZ_CP075284.1	NZ_CP075288.1	NZ_CP075289.1	NZ_CP075285.1	NZ_CP075287.1								
GCF_018454365	NZ_CP075316.1	NZ_CP075317.1	NZ_CP075318.1	NZ_CP075319.1	NZ_CP075320.1									
GCF_018487825	NZ_CP075452.1	NZ_CP075453.1	NZ_CP075454.1	NZ_CP075455.1										
GCF_018502565	NZ_CP075548.1	NZ_CP075549.1	NZ_CP075550.1	NZ_CP075551.1										
GCF_018502585	NZ_CP075552.1	NZ_CP075553.1	NZ_CP075558.1	NZ_CP075557.1	NZ_CP075556.1	NZ_CP075554.1	NZ_CP075555.1	NZ_CP075559.1						
GCF_018604345	NZ_CP068015.1	NZ_CP068016.1	NZ_CP068017.1											
GCF_018604385	NZ_CP075890.1	NZ_CP075891.1	NZ_CP075892.1	NZ_CP075893.1	NZ_CP075894.1									
GCF_018604765	NZ_CP071819.1	NZ_CP071822.1	NZ_CP071823.1	NZ_CP071821.1	NZ_CP071824.1	NZ_CP071820.1								
GCF_018623335	NZ_CP076008.1	NZ_CP076009.1	NZ_CP076010.1	NZ_CP076011.1	NZ_CP076012.1	NZ_CP076013.1	NZ_CP076014.1	NZ_CP076015.1	NZ_CP076016.1					
GCF_018831545	NZ_CP058226.1	NZ_CP058227.1	NZ_CP058228.1	NZ_CP058229.1	NZ_CP058230.1									
GCF_018885345	NZ_CP076518.1	NZ_CP076519.1	NZ_CP076520.1	NZ_CP076521.1										
GCF_019038575	NZ_CP076863.1	NZ_CP076864.1	NZ_CP076865.1	NZ_CP076866.1	NZ_CP076867.1	NZ_CP076868.1	NZ_CP076869.1							
GCF_019107685	NZ_CP077779.1	NZ_CP077783.1	NZ_CP077784.1	NZ_CP077781.1	NZ_CP077782.1	NZ_CP077780.1								
GCF_019107705	NZ_CP077773.1	NZ_CP077775.1	NZ_CP077777.1	NZ_CP077778.1	NZ_CP077774.1	NZ_CP077776.1								
GCF_019134695	NZ_CP077763.1													
GCF_019286375	NZ_CP079115.1	NZ_CP079116.1	NZ_CP079117.1	NZ_CP079118.1	NZ_CP079119.1									
GCF_019286455	NZ_CP079120.1	NZ_CP079121.1	NZ_CP079130.1	NZ_CP079122.1	NZ_CP079123.1	NZ_CP079124.1	NZ_CP079125.1	NZ_CP079126.1	NZ_CP079127.1	NZ_CP079128.1	NZ_CP079129.1			
GCF_019286515	NZ_CP079131.1	NZ_CP079132.1	NZ_CP079133.1	NZ_CP079134.1	NZ_CP079135.1	NZ_CP079136.1	NZ_CP079137.1							
GCF_019286635	NZ_CP079138.1	NZ_CP079139.1	NZ_CP079140.1	NZ_CP079141.1	NZ_CP079142.1	NZ_CP079143.1	NZ_CP079144.1							
GCF_019286695	NZ_CP079145.1	NZ_CP079146.1	NZ_CP079147.1	NZ_CP079148.1	NZ_CP079149.1									
GCF_019286755	NZ_CP079150.1	NZ_CP079151.1	NZ_CP079152.1	NZ_CP079153.1	NZ_CP079154.1									
GCF_019286855	NZ_CP079155.1	NZ_CP079156.1	NZ_CP079157.1	NZ_CP079158.1	NZ_CP079159.1	NZ_CP079160.1	NZ_CP079161.1	NZ_CP079162.1	NZ_CP079163.1					
GCF_019286955	NZ_CP079164.1	NZ_CP079165.1	NZ_CP079166.1	NZ_CP079167.1	NZ_CP079168.1	NZ_CP079169.1	NZ_CP079170.1	NZ_CP079171.1						
GCF_019287035	NZ_CP079172.1	NZ_CP079173.1	NZ_CP079174.1	NZ_CP079175.1	NZ_CP079176.1	NZ_CP079177.1	NZ_CP079178.1							
GCF_019287095	NZ_CP079179.1	NZ_CP079180.1	NZ_CP079181.1	NZ_CP079182.1	NZ_CP079183.1	NZ_CP079184.1	NZ_CP079185.1							
GCF_019287195	NZ_CP079186.1	NZ_CP079187.1	NZ_CP079188.1	NZ_CP079189.1	NZ_CP079190.1	NZ_CP079191.1	NZ_CP079192.1							
GCF_019317005	NZ_CP079599.1	NZ_CP079600.1	NZ_CP079601.1	NZ_CP079602.1	NZ_CP079603.1	NZ_CP079604.1	NZ_CP079605.1							
GCF_019317025	NZ_CP079606.1	NZ_CP079607.1	NZ_CP079616.1	NZ_CP079608.1	NZ_CP079609.1	NZ_CP079610.1	NZ_CP079611.1	NZ_CP079612.1	NZ_CP079613.1	NZ_CP079614.1	NZ_CP079615.1			
GCF_019317045	NZ_CP079624.1	NZ_CP079625.1	NZ_CP079626.1	NZ_CP079627.1	NZ_CP079628.1									
GCF_019317065	NZ_CP079617.1	NZ_CP079618.1	NZ_CP079619.1	NZ_CP079620.1	NZ_CP079621.1	NZ_CP079622.1	NZ_CP079623.1							
GCF_019317085	NZ_CP079629.1	NZ_CP079630.1	NZ_CP079631.1	NZ_CP079632.1	NZ_CP079633.1									
GCF_019317105	NZ_CP079634.1	NZ_CP079635.1												
GCF_019317125	NZ_CP079636.1	NZ_CP079637.1	NZ_CP079638.1	NZ_CP079639.1	NZ_CP079640.1	NZ_CP079641.1								
GCF_019317145	NZ_CP079642.1	NZ_CP079643.1	NZ_CP079644.1											
GCF_019317165	NZ_CP079645.1	NZ_CP079646.1	NZ_CP079647.1	NZ_CP079648.1	NZ_CP079649.1	NZ_CP079650.1	NZ_CP079651.1	NZ_CP079652.1	NZ_CP079653.1	NZ_CP079654.1				
GCF_019317185	NZ_CP079655.1	NZ_CP079656.1	NZ_CP079665.1	NZ_CP079666.1	NZ_CP079667.1	NZ_CP079657.1	NZ_CP079658.1	NZ_CP079659.1	NZ_CP079660.1	NZ_CP079661.1	NZ_CP079662.1	NZ_CP079663.1	NZ_CP079664.1	
GCF_019317205	NZ_CP079668.1	NZ_CP079669.1	NZ_CP079670.1	NZ_CP079671.1	NZ_CP079672.1									
GCF_019317225	NZ_CP079673.1	NZ_CP079674.1	NZ_CP079675.1	NZ_CP079676.1	NZ_CP079677.1	NZ_CP079678.1	NZ_CP079679.1	NZ_CP079680.1	NZ_CP079681.1	NZ_CP079682.1				
GCF_019317245	NZ_CP079683.1	NZ_CP079684.1	NZ_CP079685.1	NZ_CP079686.1	NZ_CP079687.1	NZ_CP079688.1	NZ_CP079689.1	NZ_CP079690.1	NZ_CP079691.1					
GCF_019317265	NZ_CP079692.1	NZ_CP079693.1	NZ_CP079694.1	NZ_CP079695.1	NZ_CP079696.1	NZ_CP079697.1								
GCF_019334545	NZ_CP079725.1	NZ_CP079726.1	NZ_CP079727.1	NZ_CP079728.1	NZ_CP079729.1	NZ_CP079730.1	NZ_CP079731.1	NZ_CP079732.1	NZ_CP079733.1	NZ_CP079734.1				
GCF_019334625	NZ_CP079762.1	NZ_CP079763.1	NZ_CP079764.1											
GCF_019334705	NZ_CP079807.1	NZ_CP079808.1	NZ_CP079817.1	NZ_CP079809.1	NZ_CP079810.1	NZ_CP079811.1	NZ_CP079812.1	NZ_CP079813.1	NZ_CP079814.1	NZ_CP079815.1	NZ_CP079816.1			
GCF_019434255	NZ_CP080309.1	NZ_CP080313.1	NZ_CP080315.1	NZ_CP080311.1	NZ_CP080310.1	NZ_CP080314.1	NZ_CP080312.1							
GCF_019434275	NZ_CP080297.1	NZ_CP080302.1	NZ_CP080299.1	NZ_CP080298.1	NZ_CP080301.1	NZ_CP080300.1								
GCF_019434295	NZ_CP080303.1	NZ_CP080307.1	NZ_CP080308.1	NZ_CP080305.1	NZ_CP080304.1	NZ_CP080306.1								
GCF_019443545	NZ_CP080353.1	NZ_CP080359.1	NZ_CP080354.1	NZ_CP080355.1	NZ_CP080361.1	NZ_CP080356.1	NZ_CP080357.1	NZ_CP080360.1	NZ_CP080358.1					
GCF_019443565	NZ_CP080346.1	NZ_CP080352.1	NZ_CP080347.1	NZ_CP080348.1	NZ_CP080349.1	NZ_CP080350.1	NZ_CP080351.1							
GCF_019443585	NZ_CP080362.1	NZ_CP080365.1	NZ_CP080366.1	NZ_CP080367.1	NZ_CP080368.1	NZ_CP080364.1	NZ_CP080363.1							
GCF_019444195	NZ_CP078122.1	NZ_CP078124.1	NZ_CP078123.1	NZ_CP078125.1	NZ_CP078126.1	NZ_CP078127.1	NZ_CP078128.1							
GCF_019444635	NZ_CP040833.1	NZ_CP040836.1	NZ_CP040837.1	NZ_CP040838.1	NZ_CP040839.1	NZ_CP040835.1	NZ_CP040834.1							
GCF_019454345	NZ_CP067060.1	NZ_CP067062.1	NZ_CP067061.1											
GCF_019455345	NZ_CP059295.1	NZ_CP059296.1												
GCF_019702965	NZ_AP024750.1	NZ_AP024752.1	NZ_AP024751.1											
GCF_019702985	NZ_AP024753.1	NZ_AP024755.1	NZ_AP024754.1											
GCF_019703005	NZ_AP024756.1	NZ_AP024759.1	NZ_AP024757.1	NZ_AP024758.1										
GCF_019703025	NZ_AP024760.1	NZ_AP024762.1	NZ_AP024761.1											
GCF_019703045	NZ_AP024763.1	NZ_AP024765.1	NZ_AP024764.1											
GCF_019703065	NZ_AP024766.1	NZ_AP024768.1	NZ_AP024767.1											
GCF_019703085	NZ_AP024769.1	NZ_AP024771.1	NZ_AP024770.1											
GCF_019703105	NZ_AP024772.1	NZ_AP024774.1	NZ_AP024773.1											
GCF_019703125	NZ_AP024775.1	NZ_AP024777.1	NZ_AP024776.1											
GCF_019703145	NZ_AP024778.1	NZ_AP024780.1	NZ_AP024779.1											
GCF_019703165	NZ_AP024781.1	NZ_AP024783.1	NZ_AP024782.1											
GCF_019703185	NZ_AP024784.1	NZ_AP024787.1	NZ_AP024786.1	NZ_AP024785.1										
GCF_019703205	NZ_AP024788.1	NZ_AP024791.1	NZ_AP024790.1	NZ_AP024789.1										
GCF_019703225	NZ_AP024792.1	NZ_AP024794.1	NZ_AP024793.1											
GCF_019703245	NZ_AP024795.1	NZ_AP024797.1	NZ_AP024796.1											
GCF_019793595	NZ_CP081820.1	NZ_CP081821.1	NZ_CP081822.1	NZ_CP081823.1	NZ_CP081824.1									
GCF_019797985	NZ_CP073627.1	NZ_CP073628.1	NZ_CP073629.1											
GCF_019798005	NZ_CP073783.1	NZ_CP073784.1	NZ_CP073785.1	NZ_CP073786.1	NZ_CP073787.1									
GCF_019798025	NZ_CP073788.1	NZ_CP073789.1	NZ_CP073790.1											
GCF_019798185	NZ_CP073791.1	NZ_CP073792.1	NZ_CP073793.1	NZ_CP073794.1	NZ_CP073795.1	NZ_CP073796.1								
GCF_019823765	NZ_CP082001.1	NZ_CP082002.1	NZ_CP082000.1	NZ_CP082003.1										
GCF_019823785	NZ_CP082005.1	NZ_CP082007.1	NZ_CP082006.1	NZ_CP082008.1	NZ_CP082004.1									
GCF_019823805	NZ_CP082010.1	NZ_CP082011.1	NZ_CP082009.1	NZ_CP082012.1										
GCF_019823835	NZ_CP082019.1	NZ_CP082021.1	NZ_CP082022.1	NZ_CP082018.1	NZ_CP082020.1									
GCF_019823855	NZ_CP082014.1	NZ_CP082016.1	NZ_CP082013.1	NZ_CP082017.1	NZ_CP082015.1									
GCF_019823875	NZ_CP082032.1	NZ_CP082033.1	NZ_CP082035.1	NZ_CP082034.1										
GCF_019823895	NZ_CP082029.1	NZ_CP082031.1	NZ_CP082028.1	NZ_CP082030.1										
GCF_019823915	NZ_CP082041.1	NZ_CP082043.1	NZ_CP082044.1	NZ_CP082040.1	NZ_CP082042.1									
GCF_019823935	NZ_CP082024.1	NZ_CP082026.1	NZ_CP082027.1	NZ_CP082023.1	NZ_CP082025.1									
GCF_019823955	NZ_CP082037.1	NZ_CP082038.1	NZ_CP082036.1	NZ_CP082039.1										
GCF_019880265	NZ_CP082290.1	NZ_CP082291.1												
GCF_019900305	NZ_CP081894.1													
GCF_019900325	NZ_CP081896.1													
GCF_019900345	NZ_CP081897.1													
GCF_019900745	NZ_CP081889.1													
GCF_019900765	NZ_CP081890.1													
GCF_019900785	NZ_CP081891.1													
GCF_019900805	NZ_CP081892.1													
GCF_019915305	NZ_CP082805.1	NZ_CP082806.1												
GCF_019915325	NZ_CP082796.1	NZ_CP082797.1	NZ_CP082798.1											
GCF_019915345	NZ_CP082799.1	NZ_CP082800.1	NZ_CP082801.1	NZ_CP082802.1	NZ_CP082803.1	NZ_CP082804.1								
GCF_020023465	NZ_CP072460.1	NZ_CP072461.1	NZ_CP072462.1											
GCF_020080125	NZ_CP083443.1													
GCF_020080145	NZ_CP083445.1	NZ_CP083446.1	NZ_CP083447.1											
GCF_020149785	NZ_CP083796.1	NZ_CP083797.1	NZ_CP083798.1	NZ_CP083799.1	NZ_CP083800.1	NZ_CP083801.1								
GCF_020149825	NZ_CP083784.1	NZ_CP083785.1	NZ_CP083786.1	NZ_CP083787.1	NZ_CP083788.1	NZ_CP083789.1								
GCF_020149875	NZ_CP083775.1	NZ_CP083776.1	NZ_CP083777.1	NZ_CP083778.1	NZ_CP083779.1	NZ_CP083780.1	NZ_CP083781.1	NZ_CP083782.1	NZ_CP083783.1					
GCF_020149895	NZ_CP083768.1	NZ_CP083769.1	NZ_CP083770.1	NZ_CP083771.1	NZ_CP083772.1	NZ_CP083773.1	NZ_CP083774.1							
GCF_020215625	NZ_CP084044.1	NZ_CP084045.1	NZ_CP084054.1	NZ_CP084046.1	NZ_CP084047.1	NZ_CP084048.1	NZ_CP084049.1	NZ_CP084050.1	NZ_CP084051.1	NZ_CP084052.1	NZ_CP084053.1			
GCF_020221715	NZ_CP084168.1	NZ_CP084169.1	NZ_CP084170.1	NZ_CP084171.1										
GCF_020405265	NZ_CP084492.1	NZ_CP084493.1	NZ_CP084494.1	NZ_CP084495.1	NZ_CP084496.1									
GCF_020405285	NZ_CP084497.1	NZ_CP084498.1	NZ_CP084499.1	NZ_CP084500.1	NZ_CP084501.1									
GCF_020459305	NZ_CP084103.1	NZ_CP084104.1	NZ_CP084106.1	NZ_CP084105.1										
GCF_020520185	NZ_CP084705.1	NZ_CP084706.1	NZ_CP084707.1	NZ_CP084708.1	NZ_CP084709.1									
GCF_020525485	NZ_CP084866.1	NZ_CP084867.1												
GCF_020525505	NZ_CP084859.1													
GCF_020525645	NZ_CP084856.1	NZ_CP084857.1	NZ_CP084858.1											
GCF_020525845	NZ_CP084860.1	NZ_CP084861.1	NZ_CP084862.1	NZ_CP084863.1	NZ_CP084864.1	NZ_CP084865.1								
GCF_020525865	NZ_CP084823.1	NZ_CP084824.1												
GCF_020525885	NZ_CP084868.1	NZ_CP084869.1												
GCF_020525905	NZ_CP084825.1	NZ_CP084826.1	NZ_CP084827.1	NZ_CP084828.1										
GCF_020525945	NZ_CP084829.1													
GCF_020525965	NZ_CP084830.1	NZ_CP084831.1	NZ_CP084840.1	NZ_CP084841.1	NZ_CP084842.1	NZ_CP084832.1	NZ_CP084833.1	NZ_CP084834.1	NZ_CP084835.1	NZ_CP084836.1	NZ_CP084837.1	NZ_CP084838.1	NZ_CP084839.1	
GCF_020525985	NZ_CP084843.1	NZ_CP084844.1	NZ_CP084845.1	NZ_CP084846.1	NZ_CP084847.1	NZ_CP084848.1	NZ_CP084849.1	NZ_CP084850.1	NZ_CP084851.1					
GCF_020526005	NZ_CP084852.1	NZ_CP084853.1	NZ_CP084854.1	NZ_CP084855.1										
GCF_020526025	NZ_CP084871.1	NZ_CP084872.1												
GCF_020526045	NZ_CP084873.1													
GCF_020526065	NZ_CP084870.1													
GCF_020535145	NZ_CP084986.1	NZ_CP084987.1	NZ_CP084988.1	NZ_CP084989.1										
GCF_020641015	NZ_CP085478.1	NZ_CP085479.1	NZ_CP085480.1											
GCF_020695545	NZ_CP085729.1	NZ_CP085730.1	NZ_CP085731.1	NZ_CP085732.1	NZ_CP085733.1									
GCF_020695665	NZ_CP085740.1	NZ_CP085741.1	NZ_CP085742.1											
GCF_900323945	NZ_LS399318.1													
GCF_900497045	NZ_LR025088.1	NZ_LR025089.1	NZ_LR025090.1	NZ_LR025091.1										
GCF_900497055	NZ_LR025092.1	NZ_LR025093.1	NZ_LR025094.1	NZ_LR025095.1										
GCF_900497475	NZ_LR025099.1	NZ_LR025100.1												
GCF_900622605	NZ_LR130541.1	NZ_LR130542.1												
GCF_900622645	NZ_LR130548.1	NZ_LR130549.1	NZ_LR130550.1	NZ_LR130551.1										
GCF_900635125	NZ_LR133964.1													
GCF_900635995	NZ_LR134210.1	NZ_LR134213.1	NZ_LR134211.1	NZ_LR134212.1										
GCF_900636455	NZ_LR134276.1	NZ_LR134280.1	NZ_LR134277.1	NZ_LR134278.1	NZ_LR134279.1	NZ_LR134281.1								
GCF_901421925	NZ_LR588408.1													
GCF_901422065	NZ_LR588412.1													
GCF_902723695	NZ_LR745042.1	NZ_LR745044.1	NZ_LR745043.1											
GCF_902723705	NZ_LR745045.1	NZ_LR745047.1	NZ_LR745046.1											
GCF_902827215	NZ_LR792628.1	NZ_LR792630.1	NZ_LR792629.1	NZ_LR792631.1										
GCF_904863055	NZ_LR890209.1	NZ_LR890210.1	NZ_LR890211.1	NZ_LR890212.1	NZ_LR890213.1	NZ_LR890214.1								
GCF_904863075	NZ_LR890235.1	NZ_LR890236.1	NZ_LR890237.1	NZ_LR890238.1	NZ_LR890239.1									
GCF_904863095	NZ_LR890245.1	NZ_LR890246.1	NZ_LR890247.1											
GCF_904863115	NZ_LR890240.1	NZ_LR890241.1	NZ_LR890242.1	NZ_LR890243.1	NZ_LR890244.1									
GCF_904863125	NZ_LR890217.1	NZ_LR890218.1	NZ_LR890219.1	NZ_LR890220.1	NZ_LR890221.1	NZ_LR890222.1	NZ_LR890223.1	NZ_LR890224.1						
GCF_904863135	NZ_LR890254.1	NZ_LR890255.1	NZ_LR890256.1	NZ_LR890257.1	NZ_LR890258.1	NZ_LR890259.1	NZ_LR890260.1	NZ_LR890261.1						
GCF_904863145	NZ_LR890185.1	NZ_LR890186.1	NZ_LR890187.1	NZ_LR890188.1										
GCF_904863195	NZ_LR890189.1	NZ_LR890190.1	NZ_LR890191.1	NZ_LR890192.1	NZ_LR890193.1	NZ_LR890194.1	NZ_LR890195.1	NZ_LR890196.1	NZ_LR890197.1					
GCF_904863205	NZ_LR890202.1	NZ_LR890203.1												
GCF_904863215	NZ_LR890204.1	NZ_LR890205.1	NZ_LR890206.1	NZ_LR890207.1	NZ_LR890208.1									
GCF_904863225	NZ_LR890230.1	NZ_LR890231.1	NZ_LR890232.1	NZ_LR890233.1	NZ_LR890234.1									
GCF_904863245	NZ_LR890277.1	NZ_LR890278.1	NZ_LR890279.1	NZ_LR890280.1										
GCF_904863265	NZ_LR890286.1	NZ_LR890287.1												
GCF_904863275	NZ_LR890307.1	NZ_LR890308.1	NZ_LR890309.1	NZ_LR890310.1	NZ_LR890311.1									
GCF_904863285	NZ_LR890356.1	NZ_LR890357.1	NZ_LR890358.1	NZ_LR890359.1										
GCF_904863295	NZ_LR890343.1	NZ_LR890344.1	NZ_LR890345.1	NZ_LR890346.1	NZ_LR890347.1	NZ_LR890348.1								
GCF_904863325	NZ_LR890369.1	NZ_LR890370.1	NZ_LR890371.1	NZ_LR890372.1	NZ_LR890373.1									
GCF_904863335	NZ_LR890353.1	NZ_LR890354.1	NZ_LR890355.1											
GCF_904863355	NZ_LR890381.1	NZ_LR890382.1	NZ_LR890383.1											
GCF_904863365	NZ_LR890360.1	NZ_LR890361.1	NZ_LR890362.1	NZ_LR890363.1	NZ_LR890364.1	NZ_LR890365.1	NZ_LR890366.1	NZ_LR890367.1	NZ_LR890368.1					
GCF_904863395	NZ_LR890374.1	NZ_LR890375.1	NZ_LR890376.1	NZ_LR890377.1	NZ_LR890378.1	NZ_LR890379.1	NZ_LR890380.1							
GCF_904863405	NZ_LR890317.1	NZ_LR890318.1	NZ_LR890319.1											
GCF_904863425	NZ_LR890323.1	NZ_LR890324.1	NZ_LR890325.1											
GCF_904863435	NZ_LR890291.1	NZ_LR890292.1	NZ_LR890293.1	NZ_LR890294.1	NZ_LR890295.1	NZ_LR890296.1	NZ_LR890297.1	NZ_LR890298.1						
GCF_904864445	NZ_LR890457.1	NZ_LR890458.1	NZ_LR890459.1	NZ_LR890460.1	NZ_LR890461.1	NZ_LR890462.1	NZ_LR890463.1							
GCF_904864465	NZ_LR890426.1	NZ_LR890427.1	NZ_LR890428.1	NZ_LR890429.1	NZ_LR890430.1	NZ_LR890431.1	NZ_LR890432.1	NZ_LR890433.1						
GCF_904864475	NZ_LR890471.1	NZ_LR890472.1	NZ_LR890473.1											
GCF_904864505	NZ_LR890424.1	NZ_LR890425.1												
GCF_904864515	NZ_LR890391.1	NZ_LR890392.1	NZ_LR890393.1	NZ_LR890394.1										
GCF_904864525	NZ_LR890422.1	NZ_LR890423.1												
GCF_904864535	NZ_LR890415.1	NZ_LR890416.1	NZ_LR890417.1	NZ_LR890418.1	NZ_LR890419.1	NZ_LR890420.1	NZ_LR890421.1							
GCF_904864545	NZ_LR890434.1	NZ_LR890435.1	NZ_LR890436.1	NZ_LR890437.1										
GCF_904864565	NZ_LR890456.1													
GCF_904864595	NZ_LR890384.1	NZ_LR890385.1	NZ_LR890386.1	NZ_LR890387.1										
GCF_904864605	NZ_LR890395.1	NZ_LR890396.1	NZ_LR890397.1	NZ_LR890398.1										
GCF_904864625	NZ_LR890446.1	NZ_LR890447.1	NZ_LR890448.1	NZ_LR890449.1	NZ_LR890450.1									
GCF_904864645	NZ_LR890464.1	NZ_LR890465.1												
GCF_904865675	NZ_LR890474.1	NZ_LR890475.1												
GCF_904865685	NZ_LR890554.1	NZ_LR890555.1												
GCF_904865695	NZ_LR890542.1	NZ_LR890543.1	NZ_LR890544.1	NZ_LR890545.1	NZ_LR890546.1									
GCF_904865715	NZ_LR890500.1	NZ_LR890501.1	NZ_LR890502.1	NZ_LR890503.1	NZ_LR890504.1	NZ_LR890505.1	NZ_LR890506.1	NZ_LR890507.1						
GCF_904865735	NZ_LR890527.1	NZ_LR890528.1	NZ_LR890529.1	NZ_LR890530.1										
GCF_904865745	NZ_LR890562.1	NZ_LR890563.1												
GCF_904865755	NZ_LR890490.1	NZ_LR890491.1	NZ_LR890492.1											
GCF_904865765	NZ_LR890564.1	NZ_LR890565.1	NZ_LR890566.1	NZ_LR890567.1	NZ_LR890568.1									
GCF_904865785	NZ_LR890547.1	NZ_LR890548.1	NZ_LR890549.1	NZ_LR890550.1	NZ_LR890551.1	NZ_LR890552.1	NZ_LR890553.1							
GCF_904865795	NZ_LR890484.1	NZ_LR890485.1	NZ_LR890486.1	NZ_LR890487.1	NZ_LR890488.1	NZ_LR890489.1								
GCF_904865805	NZ_LR890569.1	NZ_LR890570.1												
GCF_904865815	NZ_LR890515.1	NZ_LR890516.1	NZ_LR890517.1	NZ_LR890518.1	NZ_LR890519.1	NZ_LR890520.1	NZ_LR890521.1	NZ_LR890522.1						
GCF_904865825	NZ_LR890493.1	NZ_LR890494.1	NZ_LR890495.1	NZ_LR890496.1	NZ_LR890497.1	NZ_LR890498.1	NZ_LR890499.1							
GCF_904865845	NZ_LR890556.1	NZ_LR890557.1	NZ_LR890558.1	NZ_LR890559.1	NZ_LR890560.1	NZ_LR890561.1								
GCF_904866195	NZ_LR890571.1	NZ_LR890572.1	NZ_LR890573.1	NZ_LR890574.1	NZ_LR890575.1									
GCF_904866205	NZ_LR890583.1	NZ_LR890584.1	NZ_LR890585.1	NZ_LR890586.1										
GCF_904866215	NZ_LR890616.1	NZ_LR890617.1	NZ_LR890618.1											
GCF_904866235	NZ_LR890600.1	NZ_LR890601.1	NZ_LR890602.1											
GCF_904866255	NZ_LR890595.1	NZ_LR890596.1	NZ_LR890597.1											
GCF_904866285	NZ_LR890640.1	NZ_LR890641.1	NZ_LR890642.1											
GCF_904866295	NZ_LR890620.1	NZ_LR890621.1	NZ_LR890622.1	NZ_LR890623.1										
GCF_904866315	NZ_LR890643.1	NZ_LR890644.1	NZ_LR890645.1	NZ_LR890646.1	NZ_LR890647.1									
GCF_904866325	NZ_LR890632.1	NZ_LR890633.1	NZ_LR890634.1	NZ_LR890635.1	NZ_LR890636.1	NZ_LR890637.1	NZ_LR890638.1	NZ_LR890639.1						
GCF_904866335	NZ_LR890648.1	NZ_LR890649.1	NZ_LR890650.1											
GCF_904866375	NZ_LR890624.1	NZ_LR890625.1	NZ_LR890626.1											
GCF_904866395	NZ_LR890669.1	NZ_LR890670.1	NZ_LR890671.1	NZ_LR890672.1	NZ_LR890673.1	NZ_LR890674.1	NZ_LR890675.1	NZ_LR890676.1	NZ_LR890677.1	NZ_LR890678.1				
GCF_904866405	NZ_LR890679.1	NZ_LR890680.1	NZ_LR890681.1	NZ_LR890682.1	NZ_LR890683.1	NZ_LR890684.1	NZ_LR890685.1							
GCF_904866415	NZ_LR890686.1	NZ_LR890687.1	NZ_LR890688.1	NZ_LR890689.1	NZ_LR890690.1									
GCF_904866425	NZ_LR890665.1	NZ_LR890666.1	NZ_LR890667.1	NZ_LR890668.1										
GCF_904866435	NZ_LR890691.1	NZ_LR890692.1												
GCF_904866445	NZ_LR890702.1	NZ_LR890703.1	NZ_LR890704.1	NZ_LR890705.1	NZ_LR890706.1	NZ_LR890707.1	NZ_LR890708.1	NZ_LR890709.1						
GCF_904866465	NZ_LR890719.1	NZ_LR890720.1	NZ_LR890721.1											
GCF_904866475	NZ_LR890710.1	NZ_LR890711.1	NZ_LR890712.1	NZ_LR890713.1										
GCF_904866485	NZ_LR890722.1	NZ_LR890723.1	NZ_LR890724.1	NZ_LR890725.1										
GCF_904866505	NZ_LR890735.1	NZ_LR890736.1	NZ_LR890737.1	NZ_LR890738.1	NZ_LR890739.1									
GCF_904866535	NZ_LR890751.1	NZ_LR890752.1	NZ_LR890753.1											
GCF_904866555	NZ_LR890726.1	NZ_LR890727.1	NZ_LR890728.1	NZ_LR890729.1	NZ_LR890730.1	NZ_LR890731.1	NZ_LR890732.1	NZ_LR890733.1	NZ_LR890734.1					
GCF_910589455	NZ_OU342706.1	NZ_OU342707.1	NZ_OU342708.1	NZ_OU342709.1	NZ_OU342710.1									
GCF_911728565	NZ_OU453210.1													
