GCF NAME										
B4242	B4242.1	B4242.2								
GCF_000006945	NC_003197.2	NC_003277.2								
GCF_000007545	NC_004631.1									
GCF_000008105	NC_006905.1	NC_006855.1	NC_006856.1							
GCF_000009505	NC_011294.1									
GCF_000009525	NC_011274.1									
GCF_000011885	NC_006511.1									
GCF_000016045	NC_011080.1	NC_011079.1	NC_009140.1							
GCF_000018385	NC_012125.1	NC_012124.1								
GCF_000018625	NC_010067.1									
GCF_000018705	NC_010102.1									
GCF_000020705	NC_011083.1	NC_011082.1	NC_011081.1							
GCF_000020745	NC_011094.1	NC_011092.1	NC_011093.1							
GCF_000020885	NC_011149.1	NC_011148.1								
GCF_000020925	NC_011205.1	NC_011204.1								
GCF_000022165	NC_016856.1	NC_016855.1								
GCF_000026565	NC_011147.1									
GCF_000027025	NC_016854.1									
GCF_000188735	NC_016857.1	NC_016858.1	NC_017675.1	NC_016859.1						
GCF_000188955	NZ_CP007530.1									
GCF_000195995	NC_003198.1	NC_003384.1	NC_003385.1							
GCF_000210855	NC_016810.1	NC_017718.1	NC_017719.1	NC_017720.1						
GCF_000213635	NC_016863.1	NC_016864.1								
GCF_000235545	NC_016831.1									
GCF_000238455	NZ_CP037893.1									
GCF_000240905	NZ_CP019186.1	NZ_CP019187.1	NZ_CP019188.1							
GCF_000245535	NC_016832.1	NC_016825.1								
GCF_000252875	NC_017046.1	NC_017054.1								
GCF_000258365	NC_017623.1	NC_017624.1								
GCF_000271885	NZ_CP015923.1									
GCF_000271905	NZ_CP015924.1									
GCF_000272715	NZ_CP010283.1	NZ_CP009564.1								
GCF_000272735	NZ_CP010281.1	NZ_CP009562.1								
GCF_000272755	NZ_CP010282.1	NZ_CP009563.1								
GCF_000272775	NZ_CP010279.1	NZ_CP009560.1								
GCF_000272815	NZ_CP009561.1									
GCF_000272835	NZ_CP010284.1	NZ_CP009570.1								
GCF_000272895	NZ_CP010280.1	NZ_CP009567.1	NZ_CP009568.1	NZ_CP009566.1						
GCF_000280315	NZ_CP007598.1	NZ_CP007599.1								
GCF_000329365	NZ_CP007528.1	NZ_CP007529.1								
GCF_000330485	NZ_CP012347.1	NZ_CP012348.1								
GCF_000335875	NZ_CP011394.1	NZ_CP011395.1								
GCF_000335995	NZ_CP019035.1									
GCF_000341425	NC_020307.1	NC_020306.1	NC_020308.1							
GCF_000385905	NC_021176.1									
GCF_000430085	NC_021812.2	NC_021813.2	NC_021842.2							
GCF_000430105	NC_021810.1	NC_021811.1	NC_021841.1	NC_021869.1						
GCF_000430125	NC_021818.1	NC_021845.1	NC_021819.1							
GCF_000430145	NC_021814.1	NC_021815.1	NC_021843.1	NC_021816.1						
GCF_000430165	NC_021820.1									
GCF_000439415	NC_021844.1	NC_021817.1								
GCF_000442415	NC_021902.1									
GCF_000462995	NC_022221.1									
GCF_000473275	NC_022525.1									
GCF_000483715	NZ_CP016357.1									
GCF_000484195	NZ_CP011259.2									
GCF_000486045	NZ_CP019176.1									
GCF_000486165	NZ_CP017727.1									
GCF_000486345	NZ_CP017728.1	NZ_CP017729.1								
GCF_000486365	NZ_CP011396.1									
GCF_000486405	NZ_CP007505.1									
GCF_000486445	NZ_CP012349.1									
GCF_000486585	NZ_CP019192.1	NZ_CP019193.1								
GCF_000486725	NZ_CP019185.1									
GCF_000486765	NZ_CP012346.1									
GCF_000486815	NZ_CP019197.1									
GCF_000486855	NZ_CP019184.1									
GCF_000486915	NZ_CP019183.1									
GCF_000487015	NZ_CP019201.1									
GCF_000487035	NZ_CP019198.1	NZ_CP019200.1	NZ_CP019199.1							
GCF_000487155	NZ_CP019181.1	NZ_CP019182.1								
GCF_000487255	NZ_CP019178.1									
GCF_000487295	NZ_CP012344.2	NZ_CP012345.2								
GCF_000487515	NZ_CP019177.1									
GCF_000487575	NZ_CP007531.1									
GCF_000487615	NZ_CP007534.1									
GCF_000487775	NZ_CP007533.1									
GCF_000487915	NZ_CP007532.1									
GCF_000487935	NZ_CP017723.1	NZ_CP017724.1	NZ_CP017725.1	NZ_CP017726.1						
GCF_000493295	NZ_CP019189.1	NZ_CP019190.1	NZ_CP019191.1							
GCF_000493535	NC_022544.1	NZ_LN999012.1								
GCF_000494385	NZ_CP015024.2									
GCF_000503845	NC_022991.1									
GCF_000505365	NZ_CP012833.1	NZ_CP012834.1	NZ_CP012835.1							
GCF_000505705	NZ_CP005995.1	NZ_CP005994.1								
GCF_000612325	NZ_CP007507.1	NZ_CP007508.1								
GCF_000623055	NZ_CP007269.1									
GCF_000623095	NZ_CP007271.1									
GCF_000623115	NZ_CP007272.2									
GCF_000623135	NZ_CP007273.1									
GCF_000623195	NZ_CP007267.2									
GCF_000623275	NZ_CP007263.1									
GCF_000623295	NZ_CP007258.1									
GCF_000623315	NZ_CP007259.1									
GCF_000623335	NZ_CP007260.1									
GCF_000623355	NZ_CP007261.1									
GCF_000623375	NZ_CP007262.1									
GCF_000623395	NZ_CP007288.2									
GCF_000623455	NZ_CP007291.2									
GCF_000623475	NZ_CP007292.1									
GCF_000623615	NZ_CP007280.2									
GCF_000623655	NZ_CP007282.2									
GCF_000623675	NZ_CP007283.2									
GCF_000623715	NZ_CP007285.2									
GCF_000623735	NZ_CP007286.2									
GCF_000624055	NZ_CP007312.2									
GCF_000624175	NZ_CP007333.1									
GCF_000624395	NZ_CP007329.2									
GCF_000625855	NZ_CP007425.1									
GCF_000626095	NZ_CP007434.2									
GCF_000626175	NZ_CP007175.1									
GCF_000626195	NZ_CP007245.1									
GCF_000626215	NZ_CP007246.1									
GCF_000626235	NZ_CP007247.1									
GCF_000626255	NZ_CP007248.1									
GCF_000626275	NZ_CP007249.2									
GCF_000626295	NZ_CP007250.1									
GCF_000626335	NZ_CP007252.1									
GCF_000626355	NZ_CP007253.1									
GCF_000626375	NZ_CP007254.1									
GCF_000626695	NZ_CP007360.2									
GCF_000636135	NZ_CP007581.1	NZ_CP007582.1								
GCF_000698515	NZ_CP039496.1	NZ_CP039497.1								
GCF_000698715	NZ_CP039500.1									
GCF_000715155	NZ_CP007804.1	NZ_CP008745.1								
GCF_000732045	NZ_CP075037.1	NZ_CP075038.1								
GCF_000742815	NZ_CP007639.1									
GCF_000743055	NZ_CP009102.1	NZ_CP009103.1								
GCF_000748245	NZ_CP039499.1									
GCF_000748565	NZ_CP039498.1									
GCF_000750215	NZ_CP009089.1									
GCF_000750255	NZ_CP009090.1									
GCF_000750295	NZ_CP009091.1									
GCF_000750335	NZ_CP009092.1									
GCF_000750375	NZ_CP009093.1									
GCF_000750395	NZ_CP009085.2									
GCF_000750415	NZ_CP009084.2									
GCF_000750435	NZ_CP009086.1									
GCF_000750455	NZ_CP009087.1									
GCF_000750475	NZ_CP009083.1									
GCF_000750495	NZ_CP009088.1									
GCF_000754375	NZ_CP008928.1	NZ_CP008927.1								
GCF_000756465	NZ_CP006693.1									
GCF_000783815	NZ_CP026052.1	NZ_CP026053.1	NZ_CP026054.1							
GCF_000818075	NZ_CP009049.1									
GCF_000818115	NZ_CP009559.1									
GCF_000940895	NZ_CP007211.2									
GCF_000940935	NZ_CP007216.2									
GCF_000940975	NZ_CP007222.1									
GCF_000941015	NZ_CP007235.2									
GCF_000953495	NZ_LN649235.1									
GCF_000963535	NZ_CP007483.2									
GCF_000973645	NZ_CP007523.1									
GCF_000973665	NZ_CP007540.2									
GCF_000973685	NZ_CP007559.2									
GCF_000988525	NZ_CP007584.2	NZ_CP014707.1								
GCF_000993725	NZ_CP011365.1									
GCF_001006525	NZ_CP011428.1	NZ_CP011435.1	NZ_CP011434.1	NZ_CP011433.1	NZ_CP011432.1	NZ_CP011430.1	NZ_CP011429.1	NZ_CP011431.1		
GCF_001148305	NZ_LT905140.1									
GCF_001185215	NZ_CP011790.1									
GCF_001185245	NZ_CP011791.1									
GCF_001188125	NZ_CP026976.1									
GCF_001278295	NZ_CP012598.1									
GCF_001278315	NZ_CP012599.1									
GCF_001293505	NZ_CP012681.1	NZ_CP012683.1	NZ_CP012684.1	NZ_CP012682.1						
GCF_001302605	NZ_CP012091.1									
GCF_001305235	NZ_CP009768.1	NZ_CP009767.1								
GCF_001305815	NZ_CP012513.1									
GCF_001305835	NZ_CP012514.1									
GCF_001360555	NZ_LT905139.1									
GCF_001409135	NZ_LN890518.1	NZ_LN890519.1								
GCF_001409155	NZ_LN890522.1	NZ_LN890523.1								
GCF_001409175	NZ_LN890524.1	NZ_LN890525.1	NZ_LN890526.1							
GCF_001409195	NZ_LN890520.1	NZ_LN890521.1								
GCF_001441205	NZ_CP012921.1	NZ_CP012922.1	NZ_CP012923.1							
GCF_001441225	NZ_CP012924.1	NZ_CP012925.1	NZ_CP012927.1	NZ_CP012926.1	NZ_CP012928.1	NZ_CP012929.1				
GCF_001441245	NZ_CP012930.1	NZ_CP012932.1	NZ_CP012931.1	NZ_CP012933.1	NZ_CP012934.1	NZ_CP012935.1	NZ_CP012936.1			
GCF_001447095	NZ_CP013226.1	NZ_CP013224.1	NZ_CP013225.1							
GCF_001447115	NZ_CP013222.1	NZ_CP013221.1	NZ_CP013223.1							
GCF_001448485	NZ_CP022500.1	NZ_CP022501.1	NZ_CP022502.1							
GCF_001448665	NZ_CP030288.1	NZ_CP030289.1	NZ_CP030290.1	NZ_CP030291.1						
GCF_001448705	NZ_CP022503.1									
GCF_001448785	NZ_CP030175.1	NZ_CP030176.1	NZ_CP030177.1							
GCF_001454965	NZ_CP012144.1									
GCF_001457675	NZ_LN868943.1	NZ_LN868944.1	NZ_LN868945.1	NZ_LN868946.1						
GCF_001484025	NZ_CP013097.1	NZ_CP013098.1								
GCF_001535315	NZ_CP014994.1	NZ_CP014995.1								
GCF_001540845	NZ_LN999997.1									
GCF_001558355	NZ_CP014051.2	NZ_CP014050.2								
GCF_001576255	NZ_CP014358.1	NZ_CP014359.1								
GCF_001576275	NZ_CP014356.1	NZ_CP014357.1								
GCF_001577505	NZ_CP014536.1	NZ_CP014537.1								
GCF_001612515	NZ_CP014996.1	NZ_CP014997.1								
GCF_001620115	NZ_CP014657.1	NZ_CP014658.1								
GCF_001620135	NZ_CP014659.2	NZ_CP014660.1								
GCF_001620155	NZ_CP014661.1	NZ_CP014662.1								
GCF_001620205	NZ_CP014621.2	NZ_CP014622.1								
GCF_001620225	NZ_CP014620.1									
GCF_001623545	NZ_CP014663.2									
GCF_001623585	NZ_CP014664.1									
GCF_001623625	NZ_CP014665.1									
GCF_001623645	NZ_CP014965.1	NZ_CP016864.1	NZ_CP016865.1	NZ_CP016866.1	NZ_CP016867.1					
GCF_001623665	NZ_CP014666.2									
GCF_001623685	NZ_CP014967.1	NZ_CP014968.1								
GCF_001623705	NZ_CP014981.1									
GCF_001623725	NZ_CP014969.1	NZ_CP014970.1								
GCF_001623745	NZ_CP014982.2									
GCF_001623765	NZ_CP014971.2	NZ_CP014972.2	NZ_CP014973.1	NZ_CP014974.1						
GCF_001623775	NZ_CP014983.1									
GCF_001623805	NZ_CP014975.1	NZ_CP014976.1								
GCF_001623825	NZ_CP014979.2	NZ_CP014980.1								
GCF_001623845	NZ_CP014977.1	NZ_CP014978.1								
GCF_001628755	NZ_CP011288.1									
GCF_001629755	NZ_CP011289.1	NZ_CP011290.1	NZ_CP011291.1							
GCF_001629775	NZ_CP011292.1	NZ_CP011293.1	NZ_CP011294.1							
GCF_001647045	NZ_CP011942.1	NZ_CP011944.1	NZ_CP011945.1	NZ_CP011943.1						
GCF_001647755	NZ_CP015724.1	NZ_CP015725.1								
GCF_001652385	NZ_CP075141.1	NZ_CP075142.1								
GCF_001689935	NZ_CP016504.1	NZ_CP016505.1	NZ_CP016506.1							
GCF_001690005	NZ_CP016507.1	NZ_CP016508.1	NZ_CP016509.1							
GCF_001690055	NZ_CP016514.1	NZ_CP016515.1	NZ_CP016516.1							
GCF_001690075	NZ_CP016517.1	NZ_CP016518.1	NZ_CP016519.1	NZ_CP016520.1						
GCF_001690095	NZ_CP016530.1	NZ_CP016531.1	NZ_CP016532.1	NZ_CP016533.1						
GCF_001690115	NZ_CP016521.1	NZ_CP016522.1	NZ_CP016523.1	NZ_CP016524.1						
GCF_001690135	NZ_CP016525.1	NZ_CP016526.1	NZ_CP016527.1	NZ_CP016528.1	NZ_CP016529.1					
GCF_001692495	NZ_CP016563.1	NZ_CP016564.1								
GCF_001692515	NZ_CP016573.1	NZ_CP016574.1	NZ_CP016575.1							
GCF_001692535	NZ_CP016579.1	NZ_CP016580.1								
GCF_001692555	NZ_CP016561.1	NZ_CP016562.1								
GCF_001692575	NZ_CP016569.1	NZ_CP016570.1	NZ_CP016571.1	NZ_CP016572.1						
GCF_001692595	NZ_CP016565.1	NZ_CP016566.1	NZ_CP016567.1	NZ_CP016568.1						
GCF_001692615	NZ_CP016576.1	NZ_CP016577.1	NZ_CP016578.1							
GCF_001692635	NZ_CP016586.1	NZ_CP016587.1								
GCF_001705055	NZ_CP012396.1	NZ_CP012397.1								
GCF_001705365	NZ_CP015157.1	NZ_CP015158.1								
GCF_001713515	NZ_CP074661.1	NZ_CP074662.1								
GCF_001729225	NZ_CP016385.1	NZ_CP016386.1	NZ_CP016387.1	NZ_CP016388.1	NZ_CP016389.1	NZ_CP016390.1				
GCF_001756025	NZ_CP074663.1	NZ_CP074664.1								
GCF_001831555	NZ_CP075140.1									
GCF_001831715	NZ_CP075138.1	NZ_CP075139.1								
GCF_001831915	NZ_CP075137.1									
GCF_001831985	NZ_CP075135.1	NZ_CP075136.1								
GCF_001832255	NZ_CP075128.1									
GCF_001833225	NZ_CP075134.1									
GCF_001833255	NZ_CP075129.1	NZ_CP075130.1	NZ_CP075131.1							
GCF_001833305	NZ_CP075127.1									
GCF_001834735	NZ_CP075132.1	NZ_CP075133.1								
GCF_001834965	NZ_CP075125.1	NZ_CP075126.1								
GCF_001886995	NZ_CP017617.1	NZ_CP017618.1	NZ_CP017619.1							
GCF_001887015	NZ_CP017621.1	NZ_CP017620.1								
GCF_001890165	NZ_CP016010.1	NZ_CP016011.1								
GCF_001890185	NZ_CP016012.1	NZ_CP016013.1								
GCF_001890445	NZ_CP016014.1									
GCF_001922165	NZ_CP013685.1									
GCF_001922185	NZ_CP013702.1									
GCF_001931555	NZ_CP016406.1	NZ_CP016407.1								
GCF_001931575	NZ_CP016408.1	NZ_CP016409.1								
GCF_001931595	NZ_CP016410.1	NZ_CP016411.1								
GCF_001931615	NZ_CP016412.1	NZ_CP016413.1								
GCF_001941405	NZ_CP008925.1									
GCF_001952995	NZ_CP019172.1	NZ_CP019173.1								
GCF_001953015	NZ_CP019196.1									
GCF_001953035	NZ_CP019179.1	NZ_CP019180.1								
GCF_001953675	NZ_CP019204.1	NZ_CP019205.1								
GCF_001953695	NZ_CP019206.1	NZ_CP019207.1								
GCF_001956735	NZ_CP019116.1									
GCF_001969425	NZ_CP016837.1	NZ_CP016838.1								
GCF_001972545	NZ_CP075118.1	NZ_CP075119.1								
GCF_001972625	NZ_CP075120.1	NZ_CP075121.1								
GCF_001973275	NZ_CP022003.1	NZ_CP022004.1								
GCF_001973785	NZ_CP075122.1	NZ_CP075123.1	NZ_CP075124.1							
GCF_001975245	NZ_CP019408.1									
GCF_001975265	NZ_CP019406.1									
GCF_001975285	NZ_CP019403.1									
GCF_001975305	NZ_CP019404.1									
GCF_001975325	NZ_CP019405.1									
GCF_001975345	NZ_CP019407.1									
GCF_001975365	NZ_CP019409.1									
GCF_001975385	NZ_CP019410.1									
GCF_001975405	NZ_CP019411.1									
GCF_001975425	NZ_CP019412.1									
GCF_001975445	NZ_CP019413.1									
GCF_001975515	NZ_CP019414.1									
GCF_001975555	NZ_CP019415.1									
GCF_001975605	NZ_CP019416.1									
GCF_001975625	NZ_CP019417.1									
GCF_001975645	NZ_CP019418.1									
GCF_001989635	NZ_CP019442.1	NZ_CP019443.1	NZ_CP019444.1							
GCF_002119485	NZ_CP015574.1									
GCF_002128365	NZ_CP020825.1	NZ_CP020826.1								
GCF_002128385	NZ_CP020823.1	NZ_CP020824.1								
GCF_002163995	NZ_CP020922.1	NZ_CP020923.1	NZ_CP020924.1							
GCF_002196535	NZ_CP017720.1	NZ_CP017721.1	NZ_CP017722.1							
GCF_002201855	NZ_CP021909.1	NZ_CP021910.1								
GCF_002208195	NZ_CP022015.1	NZ_CP022016.1								
GCF_002208255	NZ_CP022034.1	NZ_CP022036.1	NZ_CP022035.1							
GCF_002208315	NZ_CP022019.1	NZ_CP022018.1	NZ_CP022017.1							
GCF_002208965	NZ_CP022062.1	NZ_CP022060.1	NZ_CP022061.1	NZ_CP022063.1	NZ_CP022064.1	NZ_CP022065.1				
GCF_002209205	NZ_CP022069.2	NZ_CP022066.2	NZ_CP022067.2	NZ_CP022068.1						
GCF_002209225	NZ_CP022070.1	NZ_CP022071.1	NZ_CP022072.1							
GCF_002210025	NZ_CP019649.1	NZ_CP019647.1	NZ_CP019648.1							
GCF_002211565	NZ_CP022116.1									
GCF_002211585	NZ_CP022117.1	NZ_CP022118.1	NZ_CP022119.1							
GCF_002211825	NZ_CP022135.1	NZ_CP022136.1	NZ_CP022137.1							
GCF_002211845	NZ_CP022138.1									
GCF_002211865	NZ_CP022139.1	NZ_CP022140.1	NZ_CP022141.1							
GCF_002211965	NZ_CP022142.1									
GCF_002220345	NZ_CP016754.1									
GCF_002224405	NZ_CP022450.1	NZ_CP022451.1	NZ_CP022452.1	NZ_CP022453.1	NZ_CP022454.1					
GCF_002234475	NZ_CP022467.1									
GCF_002234515	NZ_CP022489.1									
GCF_002234735	NZ_CP022491.1	NZ_CP022492.1								
GCF_002234755	NZ_CP022494.1	NZ_CP022495.1								
GCF_002234775	NZ_CP022490.1									
GCF_002234795	NZ_CP022497.1	NZ_CP022498.1	NZ_CP022499.1							
GCF_002238275	NZ_CP020492.1	NZ_CP020493.1	NZ_CP020494.1							
GCF_002265865	NZ_CP075112.1									
GCF_002266085	NZ_CP075113.1	NZ_CP075114.1								
GCF_002266205	NZ_CP075115.1									
GCF_002266325	NZ_CP075116.1									
GCF_002290205	NZ_CP023166.1	NZ_CP023167.1								
GCF_002313085	NZ_CP017232.1	NZ_CP017233.1								
GCF_002313105	NZ_CP017177.1	NZ_CP017178.1								
GCF_002313125	NZ_CP022168.1	NZ_CP022169.1								
GCF_002386165	NZ_CP023508.1									
GCF_002386325	NZ_CP023512.1									
GCF_002504105	NZ_CP022663.1	NZ_CP022661.1	NZ_CP022662.1							
GCF_002504125	NZ_CP022658.1	NZ_CP022659.1	NZ_CP022660.1							
GCF_002507715	NZ_CP075106.1									
GCF_002507745	NZ_CP075108.1									
GCF_002507865	NZ_CP075107.1									
GCF_002507875	NZ_CP075109.1									
GCF_002507915	NZ_CP075110.1	NZ_CP075111.1								
GCF_002741885	NZ_CP024165.1	NZ_CP024166.1	NZ_CP024167.1							
GCF_002741905	NZ_CP024168.1									
GCF_002760915	NZ_CP018635.1	NZ_CP018636.1								
GCF_002760935	NZ_CP018640.1	NZ_CP018641.1								
GCF_002760955	NZ_CP018642.1	NZ_CP018643.1								
GCF_002760975	NZ_CP018644.1									
GCF_002760995	NZ_CP018645.1	NZ_CP018646.1								
GCF_002761015	NZ_CP018647.1									
GCF_002761035	NZ_CP018655.1	NZ_CP018656.1								
GCF_002761055	NZ_CP018657.1	NZ_CP018658.1								
GCF_002761075	NZ_CP018659.1	NZ_CP018660.1								
GCF_002761095	NZ_CP018661.1	NZ_CP018662.1	NZ_CP018663.1							
GCF_002761115	NZ_CP018633.1	NZ_CP018634.1								
GCF_002761135	NZ_CP018637.1	NZ_CP018638.1	NZ_CP018639.1							
GCF_002761155	NZ_CP018648.1	NZ_CP018649.1	NZ_CP018650.1							
GCF_002761335	NZ_CP017970.1									
GCF_002761355	NZ_CP017971.1									
GCF_002761375	NZ_CP017972.1									
GCF_002761395	NZ_CP017973.1									
GCF_002761415	NZ_CP017974.1									
GCF_002761435	NZ_CP017975.1									
GCF_002761455	NZ_CP017976.1									
GCF_002761475	NZ_CP017977.1									
GCF_002761495	NZ_CP017978.1									
GCF_002762135	NZ_CP024619.1	NZ_CP025336.1	NZ_CP025337.1	NZ_CP025338.2	NZ_CP025339.1	NZ_CP025340.1				
GCF_002763415	NZ_CP018651.1	NZ_CP018652.1	NZ_CP018653.1	NZ_CP018654.1						
GCF_002777175	NZ_CP017719.1									
GCF_002794415	NZ_CP023345.1									
GCF_002813935	NZ_CP019383.1									
GCF_002813975	NZ_CP015524.1	NZ_CP015525.1								
GCF_002813995	NZ_CP015526.1	NZ_CP015527.1								
GCF_002863765	NZ_CP019174.1	NZ_CP019175.1								
GCF_002863785	NZ_CP019202.1	NZ_CP019203.1								
GCF_002900325	NZ_CP025745.1									
GCF_002946375	NZ_CP026609.1									
GCF_002946675	NZ_CP026569.1	NZ_CP026570.1								
GCF_002947135	NZ_CP026700.1	NZ_CP026701.1								
GCF_002952975	NZ_CP026327.1									
GCF_002953175	NZ_CP026379.1	NZ_CP026380.1								
GCF_002982095	NZ_CP019681.1									
GCF_002983965	NZ_CP027414.1	NZ_CP027415.1	NZ_CP027413.1	NZ_CP027416.1						
GCF_002984035	NZ_CP027412.1	NZ_CP027411.1								
GCF_002984285	NZ_CP027410.1	NZ_CP027409.1								
GCF_002999175	NZ_CP026660.1	NZ_CP026661.1								
GCF_003030105	NZ_CP028169.1	NZ_CP028170.1	NZ_CP028171.1							
GCF_003030125	NZ_CP028172.1	NZ_CP028173.1	NZ_CP028174.1	NZ_CP028175.1						
GCF_003030265	NZ_CP028196.1	NZ_CP028197.1	NZ_CP028198.1							
GCF_003030285	NZ_CP028199.1	NZ_CP028200.1								
GCF_003031835	NZ_CP020565.1									
GCF_003031855	NZ_CP025217.1									
GCF_003031875	NZ_CP025218.1									
GCF_003031995	NZ_CP025554.1	NZ_CP025553.1								
GCF_003032015	NZ_CP025555.1	NZ_CP025556.1								
GCF_003032035	NZ_CP025559.1	NZ_CP025557.1	NZ_CP025558.1							
GCF_003052785	NZ_CP028729.1	NZ_CP029249.1								
GCF_003054535	NZ_CP020752.1									
GCF_003064165	NZ_CP077691.1	NZ_CP077692.1								
GCF_003064365	NZ_CP077711.1									
GCF_003064405	NZ_CP077693.1	NZ_CP077694.1	NZ_CP077695.1							
GCF_003067445	NZ_CP077704.1	NZ_CP077705.1								
GCF_003067765	NZ_CP077696.1	NZ_CP077697.1	NZ_CP077698.1							
GCF_003067925	NZ_CP077699.1	NZ_CP077700.1	NZ_CP077701.1							
GCF_003067985	NZ_CP077702.1	NZ_CP077703.1								
GCF_003068025	NZ_CP077706.1	NZ_CP077707.1	NZ_CP077708.1	NZ_CP077709.1						
GCF_003068145	NZ_CP077710.1									
GCF_003071485	NZ_CP020912.1	NZ_CP020913.1								
GCF_003071545	NZ_CP027677.1	NZ_CP027678.1	NZ_CP027679.1	NZ_CP027680.1						
GCF_003073495	NZ_CP029036.1	NZ_CP029037.1								
GCF_003073515	NZ_CP029041.1									
GCF_003073535	NZ_CP029040.1									
GCF_003073555	NZ_CP029038.1									
GCF_003073575	NZ_CP029035.1									
GCF_003073595	NZ_CP029039.1									
GCF_003130605	NZ_CP029336.1									
GCF_003177235	NZ_CP029567.1									
GCF_003177255	NZ_CP029568.1									
GCF_003181075	NZ_CP029593.1	NZ_CP029594.1								
GCF_003181155	NZ_CP029595.1	NZ_CP029596.1								
GCF_003184325	NZ_CP028157.1	NZ_CP028156.1	NZ_CP028155.1							
GCF_003184425	NZ_CP028151.1	NZ_CP028152.1	NZ_CP028153.1	NZ_CP028154.1						
GCF_003231095	NZ_CP029800.1	NZ_CP029801.1	NZ_CP029802.1							
GCF_003312565	NZ_CP030794.1	NZ_CP030795.1	NZ_CP030796.1							
GCF_003324755	NZ_CP029989.1	NZ_CP029990.1								
GCF_003324775	NZ_CP029991.1									
GCF_003324795	NZ_CP029992.1	NZ_CP029993.1	NZ_CP029994.1							
GCF_003324815	NZ_CP029995.1	NZ_CP029996.1	NZ_CP029997.1	NZ_CP029998.1						
GCF_003324835	NZ_CP029999.1	NZ_CP030000.1	NZ_CP030001.1							
GCF_003324855	NZ_CP030002.1	NZ_CP030003.1	NZ_CP030004.1							
GCF_003324875	NZ_CP030005.1	NZ_CP030006.1								
GCF_003324915	NZ_CP030181.1	NZ_CP030182.1	NZ_CP030183.1	NZ_CP030184.1						
GCF_003324935	NZ_CP030202.1									
GCF_003324955	NZ_CP030207.1	NZ_CP030208.1								
GCF_003324975	NZ_CP030209.1	NZ_CP030210.1								
GCF_003324995	NZ_CP030231.1	NZ_CP030232.1								
GCF_003325015	NZ_CP030235.1									
GCF_003325035	NZ_CP030180.1									
GCF_003325055	NZ_CP030185.1	NZ_CP030186.1	NZ_CP030187.1	NZ_CP030188.1	NZ_CP030189.1					
GCF_003325075	NZ_CP030190.1	NZ_CP030191.1	NZ_CP030192.1	NZ_CP030193.1						
GCF_003325095	NZ_CP030196.1	NZ_CP030197.1	NZ_CP030198.1	NZ_CP030199.1	NZ_CP030200.1	NZ_CP030201.1				
GCF_003325115	NZ_CP030194.1	NZ_CP030195.1								
GCF_003325135	NZ_CP030203.1	NZ_CP030204.1	NZ_CP030205.1	NZ_CP030206.1						
GCF_003325155	NZ_CP030211.1	NZ_CP030212.1	NZ_CP030213.1							
GCF_003325195	NZ_CP030217.1	NZ_CP030218.1								
GCF_003325215	NZ_CP030219.1	NZ_CP030220.1	NZ_CP030221.1	NZ_CP030222.1						
GCF_003325235	NZ_CP030223.1	NZ_CP030224.1								
GCF_003325255	NZ_CP030225.1	NZ_CP030226.1	NZ_CP030227.1	NZ_CP030228.1	NZ_CP030229.1	NZ_CP030230.1				
GCF_003325275	NZ_CP030233.1	NZ_CP030234.1								
GCF_003325315	NZ_CP030238.1									
GCF_003325335	NZ_CP030024.1	NZ_CP030025.1								
GCF_003347075	NZ_CP018219.1	NZ_CP018220.1								
GCF_003429365	NZ_CP023475.1	NZ_CP023476.1								
GCF_003429425	NZ_CP023468.1	NZ_CP023469.1								
GCF_003429445	NZ_CP023470.1	NZ_CP023471.1								
GCF_003429465	NZ_CP023975.1									
GCF_003515965	NZ_CP023436.1	NZ_CP023437.1	NZ_CP023438.1							
GCF_003571625	NZ_CP032194.1	NZ_CP032192.1	NZ_CP032193.1							
GCF_003581245	NZ_CP074606.1									
GCF_003589785	NZ_CP032384.1	NZ_CP032385.1	NZ_CP032386.1							
GCF_003589805	NZ_CP032387.1	NZ_CP032388.1	NZ_CP032389.1							
GCF_003589825	NZ_CP032390.1	NZ_CP032391.1	NZ_CP032392.1							
GCF_003589845	NZ_CP032393.1	NZ_CP032395.1	NZ_CP032394.1							
GCF_003589865	NZ_CP032396.1	NZ_CP032397.1								
GCF_003590695	NZ_CP032444.1	NZ_CP032445.1								
GCF_003590755	NZ_CP032449.1	NZ_CP032450.1								
GCF_003595645	NZ_CP032446.1	NZ_CP032447.1	NZ_CP032448.1							
GCF_003595725	NZ_CP032379.1	NZ_CP032380.1	NZ_CP032381.1							
GCF_003606225	NZ_CP022963.1	NZ_CP022964.1	NZ_CP022965.1							
GCF_003627015	NZ_CP032622.2									
GCF_003641265	NZ_CP032814.1									
GCF_003641285	NZ_CP032816.1									
GCF_003641305	NZ_CP032815.1									
GCF_003641325	NZ_CP032817.1									
GCF_003691385	NZ_CP033090.1	NZ_CP033089.1								
GCF_003710125	NZ_CP033338.1	NZ_CP033339.1								
GCF_003710145	NZ_CP033344.1									
GCF_003710165	NZ_CP033340.1	NZ_CP033341.1	NZ_CP033342.1							
GCF_003710185	NZ_CP033345.1	NZ_CP033346.1								
GCF_003710205	NZ_CP033343.1									
GCF_003716995	NZ_CP029923.1	NZ_CP029924.1								
GCF_003717015	NZ_CP029886.1	NZ_CP029887.1								
GCF_003717035	NZ_CP029911.1	NZ_CP029910.1								
GCF_003717055	NZ_CP029927.1									
GCF_003717075	NZ_CP029928.1	NZ_CP029929.1								
GCF_003717095	NZ_CP029930.1	NZ_CP029931.1								
GCF_003717115	NZ_CP029933.1	NZ_CP029934.1								
GCF_003717135	NZ_CP029936.1	NZ_CP029935.1								
GCF_003717215	NZ_CP029944.1	NZ_CP029943.1								
GCF_003717285	NZ_CP029945.1									
GCF_003717355	NZ_CP029946.1	NZ_CP029947.1								
GCF_003717395	NZ_CP029949.1	NZ_CP029948.1								
GCF_003717435	NZ_CP029932.1									
GCF_003717455	NZ_CP029938.1	NZ_CP029937.1								
GCF_003717475	NZ_CP029940.1	NZ_CP029939.1								
GCF_003717515	NZ_CP029950.1	NZ_CP029951.1								
GCF_003717535	NZ_CP029954.1	NZ_CP029953.1								
GCF_003717575	NZ_CP029956.1	NZ_CP029955.1								
GCF_003717615	NZ_CP029861.1	NZ_CP029860.1								
GCF_003717635	NZ_CP029907.1									
GCF_003717655	NZ_CP029864.1	NZ_CP029865.1								
GCF_003717675	NZ_CP029866.1	NZ_CP029867.1								
GCF_003717695	NZ_CP029868.1	NZ_CP029869.1								
GCF_003717715	NZ_CP029862.1									
GCF_003717735	NZ_CP029872.1	NZ_CP029871.1								
GCF_003717755	NZ_CP029897.1	NZ_CP029898.1								
GCF_003717775	NZ_CP029870.1									
GCF_003717795	NZ_CP029919.1									
GCF_003717815	NZ_CP029873.1	NZ_CP029874.1								
GCF_003717835	NZ_CP029888.1	NZ_CP029889.1								
GCF_003717855	NZ_CP029881.1									
GCF_003717875	NZ_CP029890.1	NZ_CP029891.1								
GCF_003717895	NZ_CP029892.1	NZ_CP029893.1								
GCF_003717915	NZ_CP029913.1	NZ_CP029912.1								
GCF_003717935	NZ_CP029882.1									
GCF_003717955	NZ_CP029899.1									
GCF_003717975	NZ_CP029900.1	NZ_CP029901.1								
GCF_003717995	NZ_CP029875.1	NZ_CP029876.1								
GCF_003718015	NZ_CP029914.1									
GCF_003718035	NZ_CP029915.1	NZ_CP029916.1								
GCF_003718055	NZ_CP029894.1									
GCF_003718075	NZ_CP029920.1	NZ_CP029921.1								
GCF_003718095	NZ_CP029922.1									
GCF_003718115	NZ_CP029883.1	NZ_CP029884.1								
GCF_003718135	NZ_CP029902.1	NZ_CP029903.1								
GCF_003718155	NZ_CP029917.1									
GCF_003718175	NZ_CP029885.1									
GCF_003718195	NZ_CP029896.1	NZ_CP029895.1								
GCF_003718235	NZ_CP029918.1									
GCF_003718255	NZ_CP029904.1	NZ_CP029905.1								
GCF_003718275	NZ_CP029878.1	NZ_CP029877.1								
GCF_003718295	NZ_CP029880.1	NZ_CP029879.1								
GCF_003718315	NZ_CP029909.1									
GCF_003718355	NZ_CP029846.1	NZ_CP029847.1								
GCF_003718375	NZ_CP029959.1									
GCF_003718395	NZ_CP029960.1	NZ_CP029961.1								
GCF_003718415	NZ_CP029962.1	NZ_CP029963.1								
GCF_003718435	NZ_CP029964.1	NZ_CP029965.1								
GCF_003718455	NZ_CP029848.1	NZ_CP029849.1								
GCF_003718475	NZ_CP029850.1	NZ_CP029851.1								
GCF_003718495	NZ_CP029852.1									
GCF_003718515	NZ_CP029855.1									
GCF_003718535	NZ_CP029856.1	NZ_CP029857.1								
GCF_003718555	NZ_CP029858.1	NZ_CP029859.1								
GCF_003718575	NZ_CP029853.1	NZ_CP029854.1								
GCF_003718595	NZ_CP029863.1									
GCF_003718615	NZ_CP029906.1									
GCF_003718635	NZ_CP029925.1	NZ_CP029926.1								
GCF_003718655	NZ_CP029958.1	NZ_CP029957.1								
GCF_003719215	NZ_CP029908.1									
GCF_003719235	NZ_CP029942.1	NZ_CP029941.1								
GCF_003719255	NZ_CP029952.1									
GCF_003719555	NZ_CP029646.1	NZ_CP029645.1	NZ_CP029647.1							
GCF_003856755	NZ_CP025094.1									
GCF_003864015	NZ_CP034230.1	NZ_CP034231.1								
GCF_003864035	NZ_CP034233.1									
GCF_003864055	NZ_CP034232.1									
GCF_003902395	NZ_CP040699.1									
GCF_003971525	NZ_CP031359.1	NZ_CP031360.1	NZ_CP031361.1	NZ_CP031362.1						
GCF_003986635	NZ_CP028311.1	NZ_CP028312.1	NZ_CP028313.1							
GCF_003986655	NZ_CP028314.1	NZ_CP028315.1	NZ_CP028316.1	NZ_CP028317.1						
GCF_003986675	NZ_CP028318.1	NZ_CP028319.1								
GCF_003994575	NZ_CP034713.1	NZ_CP034714.1								
GCF_003994635	NZ_CP034717.1									
GCF_003994655	NZ_CP034719.1	NZ_CP034720.1								
GCF_003994675	NZ_CP034697.1									
GCF_003999215	NZ_CP025736.1	NZ_CP025737.1								
GCF_004022525	NZ_CP034968.1	NZ_CP034969.1								
GCF_004124035	NZ_CP033226.2	NZ_CP033224.2	NZ_CP033225.2							
GCF_004124055	NZ_CP033257.2	NZ_CP033256.1								
GCF_004124095	NZ_CP033255.2	NZ_CP033253.2	NZ_CP033254.2							
GCF_004124155	NZ_CP033348.2	NZ_CP033347.2								
GCF_004124175	NZ_CP033352.2	NZ_CP033351.2								
GCF_004124195	NZ_CP033350.2	NZ_CP033349.2								
GCF_004124215	NZ_CP033356.2	NZ_CP033353.2	NZ_CP033354.2	NZ_CP033355.2						
GCF_004126495	NZ_CP034074.1	NZ_CP034075.1								
GCF_004135835	NZ_CP026713.1	NZ_CP026714.1								
GCF_004136035	NZ_CP025248.1									
GCF_004136055	NZ_CP025230.1	NZ_CP025231.1								
GCF_004136075	NZ_CP025232.1	NZ_CP025233.1								
GCF_004136095	NZ_CP025234.1	NZ_CP025235.1	NZ_CP025236.1							
GCF_004136115	NZ_CP025243.1	NZ_CP025244.1	NZ_CP025245.1							
GCF_004136135	NZ_CP025237.1	NZ_CP025238.1	NZ_CP025239.1	NZ_CP025240.1						
GCF_004136155	NZ_CP025241.1	NZ_CP025242.1								
GCF_004136175	NZ_CP025246.1	NZ_CP025247.1								
GCF_004136335	NZ_CP030936.1									
GCF_004194605	NZ_CP036165.1	NZ_CP037994.1								
GCF_004194615	NZ_CP036167.1									
GCF_004194625	NZ_CP036168.1									
GCF_004194635	NZ_CP036166.1	NZ_CP037995.1								
GCF_004224885	NZ_CP041208.1	NZ_CP041209.1	NZ_CP041210.1							
GCF_004328765	NZ_CP025280.1									
GCF_004328785	NZ_CP025278.1	NZ_CP025279.1								
GCF_004328805	NZ_CP025273.1	NZ_CP025274.1	NZ_CP025275.1							
GCF_004328825	NZ_CP025276.1	NZ_CP025277.1								
GCF_004354225	NZ_CP037891.1									
GCF_004354245	NZ_CP037892.1									
GCF_004354285	NZ_CP037894.1									
GCF_004358925	NZ_CP037960.1	NZ_CP037959.1	NZ_CP037958.1							
GCF_004564195	NZ_CP020101.1									
GCF_004768565	NZ_CP038591.1	NZ_CP038592.1								
GCF_004768585	NZ_CP038593.1	NZ_CP038594.1								
GCF_004768605	NZ_CP038601.1	NZ_CP038602.1	NZ_CP038603.1							
GCF_004768625	NZ_CP038604.1	NZ_CP038605.1	NZ_CP038606.1	NZ_CP038607.1						
GCF_004768645	NZ_CP038595.1	NZ_CP038596.1	NZ_CP038597.1	NZ_CP038598.1	NZ_CP038599.1	NZ_CP038600.1				
GCF_004768665	NZ_CP038608.1	NZ_CP038609.1	NZ_CP038610.1	NZ_CP038611.1						
GCF_004792435	NZ_CP038847.1	NZ_CP038848.1								
GCF_004792455	NZ_CP038849.1									
GCF_004798745	NZ_CP039277.1	NZ_CP039278.1								
GCF_004798765	NZ_CP039279.1	NZ_CP039280.1	NZ_CP039281.1	NZ_CP039282.1						
GCF_004798785	NZ_CP039270.1	NZ_CP039271.1	NZ_CP039272.1	NZ_CP039273.1	NZ_CP039274.1	NZ_CP039275.1	NZ_CP039276.1			
GCF_004847005	NZ_CP039463.1	NZ_CP039464.1								
GCF_004847145	NZ_CP039465.1	NZ_CP039466.1								
GCF_004847345	NZ_CP039482.1	NZ_CP039483.1								
GCF_004847505	NZ_CP039467.1	NZ_CP039468.1								
GCF_004847525	NZ_CP039469.1	NZ_CP039470.1								
GCF_004847545	NZ_CP039471.1	NZ_CP039472.1								
GCF_004847565	NZ_CP039486.1									
GCF_004847585	NZ_CP039484.1	NZ_CP039485.1								
GCF_004847605	NZ_CP039473.1	NZ_CP039474.1	NZ_CP039475.1							
GCF_004847625	NZ_CP039476.1									
GCF_004847745	NZ_CP039477.1									
GCF_004847885	NZ_CP039478.1	NZ_CP039479.1								
GCF_004848145	NZ_CP039480.1	NZ_CP039481.1								
GCF_004848405	NZ_CP039487.1	NZ_CP039488.1								
GCF_004848545	NZ_CP039491.1	NZ_CP039492.1								
GCF_004848685	NZ_CP039489.1	NZ_CP039490.1								
GCF_004848885	NZ_CP039493.1	NZ_CP039494.1	NZ_CP039495.1							
GCF_004919145	NZ_CP039561.1	NZ_CP039562.1	NZ_CP039563.1							
GCF_004919165	NZ_CP039558.1	NZ_CP039559.1	NZ_CP039560.1							
GCF_004919185	NZ_CP039565.1	NZ_CP039566.1								
GCF_004919205	NZ_CP039564.1									
GCF_004919225	NZ_CP039572.1	NZ_CP039573.1	NZ_CP039574.1	NZ_CP039575.1						
GCF_004919265	NZ_CP039585.1	NZ_CP039586.1	NZ_CP039587.1							
GCF_004919285	NZ_CP039567.1	NZ_CP039568.1								
GCF_004919305	NZ_CP039569.1	NZ_CP039570.1	NZ_CP039571.1							
GCF_004919325	NZ_CP039579.1	NZ_CP039580.1	NZ_CP039581.1							
GCF_004919345	NZ_CP039582.1	NZ_CP039583.1	NZ_CP039584.1							
GCF_004919365	NZ_CP039591.1	NZ_CP039592.1								
GCF_004919385	NZ_CP039593.1	NZ_CP039594.1								
GCF_004919405	NZ_CP039595.1	NZ_CP039596.1	NZ_CP039597.1	NZ_CP039598.1						
GCF_004919425	NZ_CP039599.1	NZ_CP039600.1	NZ_CP039601.1	NZ_CP039602.1						
GCF_004919445	NZ_CP039603.1	NZ_CP039604.1	NZ_CP039605.1	NZ_CP039606.1						
GCF_004919465	NZ_CP039607.1	NZ_CP039608.1	NZ_CP039609.1							
GCF_004923395	NZ_CP039503.1	NZ_CP039504.1	NZ_CP039505.1	NZ_CP039506.1	NZ_CP039507.1	NZ_CP039508.1				
GCF_004923415	NZ_CP039509.1	NZ_CP039512.1	NZ_CP039511.1	NZ_CP039510.1	NZ_CP039515.1	NZ_CP039514.1	NZ_CP039513.2			
GCF_004941405	NZ_CP039610.1									
GCF_005094845	NZ_CP039588.1	NZ_CP039589.1	NZ_CP039590.1							
GCF_005144925	NZ_CP039713.1	NZ_CP039714.1	NZ_CP039715.1							
GCF_005144945	NZ_CP039716.1	NZ_CP039717.1	NZ_CP039718.1							
GCF_005144985	NZ_CP039719.1	NZ_CP039720.1								
GCF_005160365	NZ_CP039854.1	NZ_CP039855.1								
GCF_005160385	NZ_CP039856.1	NZ_CP039857.1	NZ_CP039858.1	NZ_CP039859.1						
GCF_005160405	NZ_CP039860.1	NZ_CP039861.1	NZ_CP039862.1	NZ_CP039863.1	NZ_CP039864.1					
GCF_005166225	NZ_CP029029.1									
GCF_005221485	NZ_CP028131.1									
GCF_005222465	NZ_CP028900.1									
GCF_005457265	NZ_CP040701.1	NZ_CP040702.1								
GCF_005537135	NZ_CP040318.1	NZ_CP040319.1	NZ_CP040320.1							
GCF_005537375	NZ_CP040321.1	NZ_CP040322.1	NZ_CP040323.1							
GCF_005576575	NZ_CP040379.1									
GCF_005576595	NZ_CP040380.1									
GCF_005844025	NZ_CP040458.1	NZ_CP040457.1								
GCF_005885835	NZ_CP040575.1	NZ_CP040574.1								
GCF_005885855	NZ_CP040562.1	NZ_CP040563.1								
GCF_005885875	NZ_CP040564.1	NZ_CP040565.1								
GCF_005885895	NZ_CP040566.1	NZ_CP040567.1								
GCF_005885935	NZ_CP040568.1	NZ_CP040569.1								
GCF_005889955	NZ_CP040644.1	NZ_CP040645.1								
GCF_005889975	NZ_CP040646.1	NZ_CP040647.1								
GCF_005890095	NZ_CP040648.1	NZ_CP040649.1	NZ_CP040650.1							
GCF_005890175	NZ_CP040651.1	NZ_CP040652.1	NZ_CP040653.1							
GCF_005930995	NZ_CP040700.1									
GCF_005954705	NZ_CP040668.1	NZ_CP040669.1	NZ_CP040670.1							
GCF_006088735	NZ_CP034479.1	NZ_CP034480.1								
GCF_006165105	NZ_CP025445.1									
GCF_006165125	NZ_CP025447.1									
GCF_006165145	NZ_CP025450.1									
GCF_006165165	NZ_CP025452.1									
GCF_006165185	NZ_CP025446.1									
GCF_006165205	NZ_CP025448.1									
GCF_006165225	NZ_CP025449.1									
GCF_006165245	NZ_CP025451.1									
GCF_006165265	NZ_CP025453.1									
GCF_006165285	NZ_CP025454.1	NZ_CP025455.1								
GCF_006228345	NZ_CP039169.1	NZ_CP039170.1								
GCF_006351805	NZ_CP040900.1	NZ_CP040901.1								
GCF_006364755	NZ_CP041011.1									
GCF_006365335	NZ_CP041005.1	NZ_CP041006.1	NZ_CP041007.1							
GCF_006384195	NZ_CP029839.1	NZ_CP029837.1	NZ_CP029838.1							
GCF_006385115	NZ_CP041026.1	NZ_CP041027.1	NZ_CP041028.1							
GCF_006461325	NZ_CP069166.1	NZ_CP069167.1								
GCF_006461415	NZ_CP050833.1	NZ_CP050832.1								
GCF_006516995	NZ_CP041171.1	NZ_CP041172.1								
GCF_006517015	NZ_CP041173.1	NZ_CP041174.1	NZ_CP041175.1							
GCF_006517035	NZ_CP041179.1	NZ_CP041180.1								
GCF_006517055	NZ_CP041176.1	NZ_CP041177.1	NZ_CP041178.1							
GCF_006517075	NZ_CP041181.1	NZ_CP041182.1								
GCF_006517135	NZ_CP041184.1									
GCF_006517155	NZ_CP041183.1									
GCF_006741505	NZ_AP019692.1	NZ_AP019693.1	NZ_AP019694.1							
GCF_006874805	NZ_CP040686.1									
GCF_006969245	NZ_CP030749.1									
GCF_007431545	NZ_CP030029.1									
GCF_007833775	NZ_CP032304.1	NZ_CP032305.1	NZ_CP032306.1							
GCF_007923125	NZ_CP035301.1	NZ_CP035302.1								
GCF_008124065	NZ_CP043214.1	NZ_CP043215.1	NZ_CP043216.1							
GCF_008124445	NZ_CP043222.1	NZ_CP043223.1	NZ_CP043224.1							
GCF_008244785	NZ_CP043399.1									
GCF_008244805	NZ_CP043401.1									
GCF_008244825	NZ_CP043402.1									
GCF_008244845	NZ_CP043400.1									
GCF_008313815	NZ_CP043433.1	NZ_CP043434.1								
GCF_008330205	NZ_CP041699.1									
GCF_008386295	NZ_CP043773.1	NZ_CP043774.1								
GCF_008727535	NZ_CP044177.1	NZ_CP044178.1	NZ_CP044179.1	NZ_CP044180.1						
GCF_008727555	NZ_CP044200.1	NZ_CP044201.1	NZ_CP044202.1							
GCF_008727575	NZ_CP044203.1	NZ_CP044204.1								
GCF_008727595	NZ_CP044181.1	NZ_CP044182.1	NZ_CP044183.1							
GCF_008727615	NZ_CP044184.1	NZ_CP044185.1								
GCF_008727635	NZ_CP044186.1	NZ_CP044187.1								
GCF_008727655	NZ_CP044188.1	NZ_CP044189.1	NZ_CP044190.1							
GCF_008728495	NZ_CP044257.1	NZ_CP044256.1								
GCF_008807355	NZ_CP043027.1									
GCF_008931225	NZ_CP035915.1	NZ_CP035916.1								
GCF_008931245	NZ_CP035917.1	NZ_CP035918.1								
GCF_009017295	NZ_CP044957.1	NZ_CP044958.1	NZ_CP044959.1	NZ_CP044960.1						
GCF_009017315	NZ_CP044961.1	NZ_CP044962.1	NZ_CP044963.1	NZ_CP044964.1	NZ_CP044965.1	NZ_CP044966.1				
GCF_009017335	NZ_CP044967.1	NZ_CP044969.1	NZ_CP044968.1							
GCF_009184685	NZ_CP045038.1									
GCF_009387895	NZ_CP045447.1	NZ_CP045448.1	NZ_CP045449.1							
GCF_009388185	NZ_CP045444.1	NZ_CP045445.1	NZ_CP045446.1							
GCF_009497835	NZ_CP032490.1	NZ_CP032492.1	NZ_CP032493.1	NZ_CP032491.1						
GCF_009497855	NZ_CP032494.1	NZ_CP032495.1	NZ_CP032497.1	NZ_CP032499.1	NZ_CP032498.1	NZ_CP032496.1				
GCF_009648715	NZ_CP045753.1	NZ_CP045752.1								
GCF_009648735	NZ_CP045754.1	NZ_CP045755.1	NZ_CP045756.1							
GCF_009648755	NZ_CP045757.1	NZ_CP045758.1								
GCF_009648795	NZ_CP045762.1	NZ_CP045763.1	NZ_CP045764.1	NZ_CP045765.1						
GCF_009648815	NZ_CP045761.1									
GCF_009648835	NZ_CP045759.1	NZ_CP045760.1								
GCF_009650055	NZ_CP045831.1									
GCF_009650355	NZ_CP045056.1	NZ_CP045053.1	NZ_CP045054.1	NZ_CP045055.1						
GCF_009650375	NZ_CP045059.1	NZ_CP045057.1	NZ_CP045058.1							
GCF_009650395	NZ_CP045063.1	NZ_CP045060.1	NZ_CP045061.1	NZ_CP045062.1						
GCF_009664555	NZ_CP045945.1	NZ_CP045946.1								
GCF_009664575	NZ_CP045947.1	NZ_CP045948.1								
GCF_009664595	NZ_CP045949.1	NZ_CP045950.1	NZ_CP045951.1							
GCF_009664615	NZ_CP045958.1	NZ_CP045959.1								
GCF_009664635	NZ_CP045952.1	NZ_CP045953.1								
GCF_009664655	NZ_CP045954.1									
GCF_009664795	NZ_CP045955.1									
GCF_009664895	NZ_CP045956.1	NZ_CP045957.1								
GCF_009667745	NZ_CP043662.1	NZ_CP043663.1								
GCF_009667765	NZ_CP043664.1	NZ_CP043665.1	NZ_CP043666.1							
GCF_009667835	NZ_CP043667.1	NZ_CP043668.1								
GCF_009667855	NZ_CP034177.1	NZ_CP034178.1								
GCF_009728795	NZ_CP033360.1	NZ_CP033359.1	NZ_CP033357.1	NZ_CP033358.1						
GCF_009728875	NZ_CP033384.2	NZ_CP033382.2	NZ_CP033383.2							
GCF_009728895	NZ_CP033387.2	NZ_CP033385.2	NZ_CP033386.2							
GCF_009729895	NZ_CP046277.1									
GCF_009729915	NZ_CP046278.1									
GCF_009729935	NZ_CP046279.1									
GCF_009729955	NZ_CP046280.1	NZ_CP046281.1								
GCF_009729975	NZ_CP046283.1	NZ_CP046282.1	NZ_CP046284.1							
GCF_009730015	NZ_CP046291.1	NZ_CP046292.1								
GCF_009734305	NZ_CP046429.1	NZ_CP046430.1								
GCF_009756455	NZ_CP036174.1	NZ_CP036173.1								
GCF_009756475	NZ_CP037882.1									
GCF_009756515	NZ_CP037874.1	NZ_CP037873.1								
GCF_009756555	NZ_CP037877.1	NZ_CP037875.1	NZ_CP037876.1							
GCF_009756585	NZ_CP037879.1	NZ_CP037878.1								
GCF_009756605	NZ_CP037881.1	NZ_CP037880.1								
GCF_009806735	NZ_CP047115.1	NZ_CP047116.1								
GCF_009857075	NZ_CP047323.1	NZ_CP047324.1								
GCF_009884355	NZ_CP041973.1	NZ_CP041972.1								
GCF_009884375	NZ_CP041976.1	NZ_CP041974.1	NZ_CP041975.1							
GCF_010919335	NZ_CP047881.1	NZ_CP047882.1								
GCF_011057955	NZ_CP043509.1	NZ_CP043510.1								
GCF_011304815	NZ_CP035547.1	NZ_CP035551.1	NZ_CP035549.1	NZ_CP035550.1	NZ_CP035548.1					
GCF_011465535	NZ_CP045458.1	NZ_CP045459.1	NZ_CP045460.1							
GCF_011465695	NZ_CP045464.1									
GCF_011465815	NZ_CP045465.1									
GCF_011465945	NZ_CP045466.1	NZ_CP045467.1								
GCF_011466075	NZ_CP045461.1	NZ_CP045463.1	NZ_CP045462.1							
GCF_011466275	NZ_CP045509.1	NZ_CP045512.1	NZ_CP045511.1	NZ_CP045510.1						
GCF_011466455	NZ_CP045513.1	NZ_CP045514.1								
GCF_011466595	NZ_CP045515.1									
GCF_011466775	NZ_CP045516.1	NZ_CP045517.1								
GCF_011466815	NZ_CP045518.1	NZ_CP045519.1	NZ_CP045520.1	NZ_CP045521.1						
GCF_012049805	NZ_CP050706.1	NZ_CP050707.1	NZ_CP050708.1							
GCF_012050025	NZ_CP050750.1	NZ_CP050751.1	NZ_CP050752.1							
GCF_012050205	NZ_CP050709.1	NZ_CP050710.1	NZ_CP050711.1							
GCF_012050385	NZ_CP050716.1	NZ_CP050717.1	NZ_CP050718.1	NZ_CP050719.1	NZ_CP050720.1					
GCF_012050525	NZ_CP050712.1	NZ_CP050713.1	NZ_CP050714.1	NZ_CP050715.1						
GCF_012050745	NZ_CP050721.1	NZ_CP050722.1								
GCF_012050905	NZ_CP050723.1	NZ_CP050724.1	NZ_CP050725.1							
GCF_012051085	NZ_CP050726.1	NZ_CP050727.1								
GCF_012051245	NZ_CP050728.1	NZ_CP050729.1	NZ_CP050730.1							
GCF_012051385	NZ_CP050731.1	NZ_CP050732.1	NZ_CP050733.1							
GCF_012051625	NZ_CP050734.1	NZ_CP050735.1	NZ_CP050736.1	NZ_CP050737.1	NZ_CP050738.1					
GCF_012052085	NZ_CP050756.1									
GCF_012052225	NZ_CP050753.1	NZ_CP050754.1	NZ_CP050755.1							
GCF_012052445	NZ_CP050757.1	NZ_CP050758.1	NZ_CP050759.1							
GCF_012052605	NZ_CP050771.1	NZ_CP050772.1	NZ_CP050773.1	NZ_CP050774.1	NZ_CP050775.1	NZ_CP050776.1				
GCF_012052805	NZ_CP050762.1	NZ_CP050763.1								
GCF_012052965	NZ_CP050760.1	NZ_CP050761.1								
GCF_012053145	NZ_CP050764.1	NZ_CP050765.1	NZ_CP050766.1	NZ_CP050767.1	NZ_CP050768.1					
GCF_012053325	NZ_CP050769.1	NZ_CP050770.1								
GCF_012053525	NZ_CP050777.1	NZ_CP050778.1								
GCF_012053725	NZ_CP050785.1									
GCF_012053905	NZ_CP050783.1	NZ_CP050784.1								
GCF_012054045	NZ_CP050779.1	NZ_CP050780.1	NZ_CP050781.1	NZ_CP050782.1						
GCF_012169275	NZ_CP048775.1	NZ_CP048776.1	NZ_CP048777.1							
GCF_012530215	NZ_CP051267.1	NZ_CP051268.1								
GCF_012530335	NZ_CP051269.1									
GCF_013161625	NZ_CP053585.1									
GCF_013161805	NZ_CP053579.1	NZ_CP053576.1	NZ_CP053577.1	NZ_CP053578.1						
GCF_013162025	NZ_CP053581.1	NZ_CP053580.1								
GCF_013162165	NZ_CP053582.1									
GCF_013162485	NZ_CP053584.1									
GCF_013206965	NZ_CP053870.1	NZ_CP053871.1	NZ_CP053872.1	NZ_CP053873.1	NZ_CP053874.1					
GCF_013207105	NZ_CP053865.1	NZ_CP053866.1	NZ_CP053867.1	NZ_CP053868.1	NZ_CP053869.1					
GCF_013328855	NZ_CP054422.1	NZ_CP054423.1								
GCF_013348865	NZ_CP054715.1	NZ_CP054717.1	NZ_CP054718.1	NZ_CP054716.1						
GCF_013358425	NZ_CP054827.1									
GCF_013376915	NZ_CP039436.1									
GCF_013376935	NZ_CP039437.1	NZ_CP039438.1								
GCF_013376955	NZ_CP039439.1	NZ_CP039440.1								
GCF_013377315	NZ_CP039441.1	NZ_CP039442.1								
GCF_013377335	NZ_CP039443.1	NZ_CP039444.1								
GCF_013377355	NZ_CP039445.1	NZ_CP039446.1								
GCF_013415925	NZ_CP058807.1	NZ_CP058808.1	NZ_CP058809.1	NZ_CP058810.1	NZ_CP058811.1					
GCF_013416235	NZ_CP050130.1	NZ_CP050131.1								
GCF_014123145	NZ_CP059886.1	NZ_CP059887.1								
GCF_014217955	NZ_CP031189.1	NZ_CP031190.1	NZ_CP031191.1							
GCF_014250355	NZ_CP060169.1	NZ_CP060170.1	NZ_CP060171.1							
GCF_014334155	NZ_CP060507.1									
GCF_014334175	NZ_CP060508.1	NZ_CP060509.1	NZ_CP060510.1	NZ_CP060511.1						
GCF_014334195	NZ_CP060512.1	NZ_CP060513.1	NZ_CP060514.1							
GCF_014334215	NZ_CP060515.1	NZ_CP060516.1								
GCF_014334235	NZ_CP060517.1	NZ_CP060518.1	NZ_CP060519.1	NZ_CP060520.1	NZ_CP060521.1					
GCF_014334255	NZ_CP060522.1	NZ_CP060523.1	NZ_CP060524.1	NZ_CP060525.1						
GCF_014394985	NZ_CP060730.2									
GCF_014521465	NZ_CP061159.1									
GCF_014524585	NZ_CP060132.1	NZ_CP060133.1								
GCF_014524605	NZ_CP060134.1	NZ_CP060135.1	NZ_CP060136.1							
GCF_014805785	NZ_CP061929.2									
GCF_014840915	NZ_CP062004.2									
GCF_014854835	NZ_CP062220.1									
GCF_014858545	NZ_CP062223.1	NZ_CP062224.1								
GCF_014858565	NZ_CP062225.1	NZ_CP062227.1	NZ_CP062226.1							
GCF_015052745	NZ_CP061044.1									
GCF_015052765	NZ_CP061045.1	NZ_CP061046.1								
GCF_015052785	NZ_CP061047.1	NZ_CP061048.1								
GCF_015052805	NZ_CP061049.1									
GCF_015052825	NZ_CP061050.1	NZ_CP061051.1								
GCF_015074885	NZ_CP063289.1	NZ_CP063290.1	NZ_CP063293.1	NZ_CP063292.1	NZ_CP063291.1					
GCF_015074905	NZ_CP063294.1	NZ_CP063300.1	NZ_CP063296.1	NZ_CP063295.1	NZ_CP063299.1	NZ_CP063297.1	NZ_CP063298.1			
GCF_015159575	NZ_CP063330.1	NZ_CP063331.1								
GCF_015223545	NZ_CP063684.2	NZ_CP063685.2								
GCF_015240635	NZ_CP063700.1	NZ_CP063701.1								
GCF_015240855	NZ_CP063702.1	NZ_CP063703.1	NZ_CP063704.1							
GCF_015240995	NZ_CP063705.1	NZ_CP063706.1	NZ_CP063707.1							
GCF_015241115	NZ_CP063708.1	NZ_CP063710.1	NZ_CP063709.1							
GCF_015475615	NZ_CP064263.1	NZ_CP064264.1	NZ_CP064265.1							
GCF_015565735	NZ_CP064709.1									
GCF_015697745	NZ_CP061115.1	NZ_CP061116.1	NZ_CP061117.1							
GCF_015697765	NZ_CP061118.1									
GCF_015697785	NZ_CP061122.1	NZ_CP061123.1								
GCF_015697805	NZ_CP061124.1	NZ_CP061125.1								
GCF_015697825	NZ_CP061126.1	NZ_CP061127.1	NZ_CP061128.1	NZ_CP061129.1	NZ_CP061130.1					
GCF_015708295	NZ_CP062795.1									
GCF_015732575	NZ_CP061119.1	NZ_CP061120.1	NZ_CP061121.1							
GCF_016025375	NZ_CP065564.1	NZ_CP065565.1								
GCF_016025395	NZ_CP065566.1									
GCF_016025415	NZ_CP065567.1	NZ_CP065568.1	NZ_CP065571.1	NZ_CP065570.1	NZ_CP065569.1					
GCF_016025435	NZ_CP065572.1	NZ_CP065573.1								
GCF_016026715	NZ_CP065639.1	NZ_CP065638.1								
GCF_016028495	NZ_CP065718.1	NZ_CP065719.1								
GCF_016071195	NZ_CP060585.1	NZ_CP060586.1								
GCF_016127435	NZ_CP066009.1	NZ_CP066008.1	NZ_CP066010.1	NZ_CP066011.1						
GCF_016127835	NZ_CP066047.1	NZ_CP066048.1								
GCF_016451985	NZ_CP051307.1	NZ_CP051308.1	NZ_CP051309.1							
GCF_016452005	NZ_CP051310.1	NZ_CP051311.1	NZ_CP051312.1							
GCF_016452025	NZ_CP051313.1	NZ_CP051314.1								
GCF_016452045	NZ_CP051315.1	NZ_CP051316.1								
GCF_016452065	NZ_CP051317.1	NZ_CP051319.1	NZ_CP051318.1							
GCF_016452085	NZ_CP051320.1	NZ_CP051322.1	NZ_CP051321.1	NZ_CP051323.1	NZ_CP051324.1					
GCF_016452105	NZ_CP051329.1	NZ_CP051327.1	NZ_CP051330.1	NZ_CP051331.1	NZ_CP051328.1	NZ_CP051325.1	NZ_CP051326.1			
GCF_016452125	NZ_CP051338.1	NZ_CP051332.1	NZ_CP051335.1	NZ_CP051334.1	NZ_CP051336.1	NZ_CP051341.1	NZ_CP051339.1	NZ_CP051333.1	NZ_CP051340.1	NZ_CP051337.1
GCF_016452145	NZ_CP051342.1	NZ_CP051345.1	NZ_CP051343.1	NZ_CP051344.1						
GCF_016452165	NZ_CP053051.1	NZ_CP053053.1	NZ_CP053054.1	NZ_CP053052.1	NZ_CP054465.1	NZ_CP054466.1				
GCF_016454165	NZ_CP051346.1	NZ_CP051347.1	NZ_CP051348.1							
GCF_016454185	NZ_CP051349.1									
GCF_016454205	NZ_CP051350.1	NZ_CP051351.1	NZ_CP051352.1							
GCF_016454225	NZ_CP051353.1	NZ_CP051354.1	NZ_CP051355.1							
GCF_016454245	NZ_CP051356.1	NZ_CP051357.1								
GCF_016454265	NZ_CP051358.1	NZ_CP051359.1	NZ_CP051360.1	NZ_CP051361.1						
GCF_016454285	NZ_CP051366.1	NZ_CP051367.1	NZ_CP051365.1							
GCF_016454305	NZ_CP051368.1	NZ_CP051369.1								
GCF_016454325	NZ_CP051370.1	NZ_CP051371.1								
GCF_016454345	NZ_CP051372.1	NZ_CP051374.1	NZ_CP051373.1	NZ_CP051375.1						
GCF_016454365	NZ_CP051380.1	NZ_CP051379.1	NZ_CP051377.1	NZ_CP051376.1	NZ_CP051378.1					
GCF_016454385	NZ_CP051381.1	NZ_CP051382.1	NZ_CP051383.1							
GCF_016454425	NZ_CP051384.1	NZ_CP051385.1								
GCF_016454445	NZ_CP051386.1	NZ_CP051387.1	NZ_CP051388.1							
GCF_016454465	NZ_CP051389.1	NZ_CP051390.1								
GCF_016454485	NZ_CP051391.1	NZ_CP051392.1	NZ_CP051393.1							
GCF_016454505	NZ_CP051394.1	NZ_CP051395.1								
GCF_016454525	NZ_CP051396.1	NZ_CP051397.1								
GCF_016454545	NZ_CP051398.1	NZ_CP051400.1	NZ_CP051399.1	NZ_CP051401.1						
GCF_016454585	NZ_CP051402.1	NZ_CP051403.1								
GCF_016454605	NZ_CP051404.1	NZ_CP051405.1	NZ_CP051406.1							
GCF_016454645	NZ_CP051410.1	NZ_CP051411.1	NZ_CP051412.1							
GCF_016454665	NZ_CP051413.1	NZ_CP051414.1	NZ_CP051415.1							
GCF_016454705	NZ_CP051416.1	NZ_CP051417.1	NZ_CP051418.1							
GCF_016454725	NZ_CP051425.1	NZ_CP051426.1	NZ_CP051420.1	NZ_CP051424.1	NZ_CP051421.1	NZ_CP051419.1	NZ_CP051423.1	NZ_CP051422.1		
GCF_016454765	NZ_CP053048.1	NZ_CP053049.1	NZ_CP053050.1							
GCF_016454785	NZ_CP053055.1	NZ_CP053056.1								
GCF_016638525	NZ_CP067339.1	NZ_CP067340.1								
GCF_016638585	NZ_CP067337.1	NZ_CP067338.1								
GCF_016839205	NZ_CP069297.1	NZ_CP069298.1	NZ_CP069299.1							
GCF_016864495	NZ_CP043907.1	NZ_CP043905.1	NZ_CP043906.1							
GCF_016864955	NZ_CP063140.1									
GCF_016889645	NZ_CP069518.1	NZ_CP069519.1								
GCF_016903075	NZ_CP070222.1									
GCF_016952595	NZ_CP051363.1	NZ_CP051362.1	NZ_CP051364.1							
GCF_017094605	NZ_CP064919.1									
GCF_017893505	NZ_CP067091.1	NZ_CP067092.1								
GCF_017893625	NZ_CP067397.1	NZ_CP067398.1								
GCF_018310415	NZ_CP074094.1	NZ_CP074095.1								
GCF_018310435	NZ_CP074098.1	NZ_CP074099.1								
GCF_018310455	NZ_CP074096.1	NZ_CP074097.1								
GCF_018326605	NZ_CP074092.1	NZ_CP074093.1								
GCF_018336435	NZ_CP047424.1	NZ_CP047425.1								
GCF_018340585	NZ_CP073715.1	NZ_CP073716.1	NZ_CP073717.1							
GCF_018460045	NZ_CP075372.1	NZ_CP075373.1								
GCF_019063905	NZ_CP077680.1	NZ_CP077681.1	NZ_CP077682.1							
GCF_019222725	NZ_CP078142.1									
GCF_019334505	NZ_CP079713.1									
GCF_019339425	NZ_CP079839.1									
GCF_019339445	NZ_CP079836.1									
GCF_019339465	NZ_CP079838.1									
GCF_019339485	NZ_CP079837.1									
GCF_019426245	NZ_CP066851.1	NZ_CP066852.1								
GCF_019428465	NZ_CP080091.1	NZ_CP080092.1	NZ_CP080093.1	NZ_CP080094.1						
GCF_019468645	NZ_CP080513.1	NZ_CP080515.1	NZ_CP080516.1	NZ_CP080517.1	NZ_CP080514.1					
GCF_019469485	NZ_CP051213.1									
GCF_019645915	NZ_CP080960.1									
GCF_019670145	NZ_AP023288.1									
GCF_019670165	NZ_AP023289.1									
GCF_019670185	NZ_AP023290.1									
GCF_019670205	NZ_AP023291.1									
GCF_019670225	NZ_AP023292.1	NZ_AP023293.1								
GCF_019670245	NZ_AP023294.1	NZ_AP023295.1	NZ_AP023296.1	NZ_AP023297.1	NZ_AP023298.1					
GCF_019670265	NZ_AP023299.1									
GCF_019670285	NZ_AP023300.1	NZ_AP023301.1	NZ_AP023302.1							
GCF_019670305	NZ_AP023303.1									
GCF_019670325	NZ_AP023304.1	NZ_AP023305.1								
GCF_019670345	NZ_AP023306.1	NZ_AP023307.1	NZ_AP023308.1							
GCF_019670365	NZ_AP023309.1	NZ_AP023310.1								
GCF_019670385	NZ_AP023311.1	NZ_AP023312.1								
GCF_019670405	NZ_AP023313.1	NZ_AP023314.1								
GCF_019670425	NZ_AP023315.1	NZ_AP023316.1								
GCF_019670445	NZ_AP023317.1	NZ_AP023318.1								
GCF_019670465	NZ_AP023319.1									
GCF_019710375	NZ_CP081187.1	NZ_CP081188.1								
GCF_019710395	NZ_CP081189.1	NZ_CP081190.1	NZ_CP081191.1							
GCF_019797945	NZ_CP081858.1	NZ_CP081859.1								
GCF_019890995	NZ_CP082338.1	NZ_CP082339.1	NZ_CP082340.1							
GCF_019931635	NZ_CP082916.1	NZ_CP082917.1								
GCF_019967915	NZ_CP082954.1	NZ_CP082955.1	NZ_CP082956.1	NZ_CP082957.1	NZ_CP082958.1	NZ_CP082959.1	NZ_CP082960.1			
GCF_019969195	NZ_CP077662.1	NZ_CP077663.1								
GCF_019969235	NZ_CP077668.1	NZ_CP077669.1								
GCF_019969255	NZ_CP077670.1	NZ_CP077671.1								
GCF_020023795	NZ_CP077760.1	NZ_CP077761.1	NZ_CP077762.1							
GCF_020410865	NZ_CP084532.1	NZ_CP084533.1								
GCF_020691705	NZ_CP085696.1	NZ_CP085698.1	NZ_CP085697.1							
GCF_020691725	NZ_CP085699.1	NZ_CP085701.1	NZ_CP085702.1	NZ_CP085703.1	NZ_CP085700.1					
GCF_020714645	NZ_CP085793.1									
GCF_020714685	NZ_CP085809.1									
GCF_020714705	NZ_CP085811.1									
GCF_020714725	NZ_CP085792.1									
GCF_020714745	NZ_CP085794.1									
GCF_020714765	NZ_CP085796.1									
GCF_020714785	NZ_CP085795.1									
GCF_020714805	NZ_CP085797.1									
GCF_020714825	NZ_CP085810.1									
GCF_020714845	NZ_CP085798.1									
GCF_020714865	NZ_CP085814.1									
GCF_020714885	NZ_CP085812.1									
GCF_020714905	NZ_CP085799.1									
GCF_020714925	NZ_CP085813.1									
GCF_020715045	NZ_CP085800.1									
GCF_020715165	NZ_CP085801.1									
GCF_020715225	NZ_CP085803.1									
GCF_020715265	NZ_CP085802.1									
GCF_020715285	NZ_CP085804.1									
GCF_020715305	NZ_CP085805.1									
GCF_020715325	NZ_CP085806.1									
GCF_020715345	NZ_CP085807.1									
GCF_020715365	NZ_CP085808.1									
GCF_020715385	NZ_CP085815.1									
GCF_020715405	NZ_CP085816.1									
GCF_020715425	NZ_CP085817.1									
GCF_020715445	NZ_CP085819.1									
GCF_020715465	NZ_CP085818.1									
GCF_020715485	NZ_CP085820.1									
GCF_020715505	NZ_CP085822.1									
GCF_020715525	NZ_CP085823.1									
GCF_020715545	NZ_CP085824.1									
GCF_900086565	NZ_LT571437.1									
GCF_900166885	NZ_LT795114.1	NZ_LT795115.1	NZ_LT795116.1							
GCF_900184385	NZ_LT855376.1	NZ_LT855377.1								
GCF_900185485	NZ_LT882486.1	NZ_LT882487.1								
GCF_900205255	NZ_LT905064.1									
GCF_900205265	NZ_LT905063.1									
GCF_900205275	NZ_LT905062.1									
GCF_900205295	NZ_LT905143.1									
GCF_900477895	NZ_LS483455.1									
GCF_900477905	NZ_LS483457.1									
GCF_900478065	NZ_LS483465.1									
GCF_901457615	NZ_LR590081.1									
GCF_901457625	NZ_LR590082.1									
GCF_903989485	NZ_LR861808.1									
GCF_903992995	NZ_LR862421.1									
GCF_904129595	NZ_LR881463.1	NZ_LR881464.1								
GCF_907163145	NZ_OU015340.1	NZ_OU015341.1								
GCF_907163175	NZ_OU015323.1	NZ_OU015324.1								
GCF_907163195	NZ_OU015328.1	NZ_OU015329.1	NZ_OU015330.1	NZ_OU015331.1	NZ_OU015332.1	NZ_OU015333.1				
GCF_907163245	NZ_OU015342.1	NZ_OU015343.1	NZ_OU015344.1							
